"Rank";"Name";"Platform";"Year";"Genre";"Publisher";"Global_Sales"
3;"Mario Kart Wii";"Wii";"2008";"Racing";"Nintendo";35,82
4;"Wii Sports Resort";"Wii";"2009";"Sports";"Nintendo";33
9;"New Super Mario Bros. Wii";"Wii";"2009";"Platform";"Nintendo";28,62
14;"Wii Fit";"Wii";"2007";"Sports";"Nintendo";22,72
15;"Wii Fit Plus";"Wii";"2009";"Sports";"Nintendo";22
16;"Kinect Adventures!";"X360";"2010";"Misc";"Microsoft Game Studios";21,82
17;"Grand Theft Auto V";"PS3";"2013";"Action";"Take-Two Interactive";21,4
24;"Grand Theft Auto V";"X360";"2013";"Action";"Take-Two Interactive";16,38
27;"Pokemon Black/Pokemon White";"DS";"2010";"Role-Playing";"Nintendo";15,32
30;"Call of Duty: Modern Warfare 3";"X360";"2011";"Shooter";"Activision";14,76
32;"Call of Duty: Black Ops";"X360";"2010";"Shooter";"Activision";14,64
33;"Pokemon X/Pokemon Y";"3DS";"2013";"Role-Playing";"Nintendo";14,35
34;"Call of Duty: Black Ops 3";"PS4";"2015";"Shooter";"Activision";14,24
35;"Call of Duty: Black Ops II";"PS3";"2012";"Shooter";"Activision";14,03
36;"Call of Duty: Black Ops II";"X360";"2012";"Shooter";"Activision";13,73
37;"Call of Duty: Modern Warfare 2";"X360";"2009";"Shooter";"Activision";13,51
38;"Call of Duty: Modern Warfare 3";"PS3";"2011";"Shooter";"Activision";13,46
40;"Super Smash Bros. Brawl";"Wii";"2008";"Fighting";"Nintendo";13,04
41;"Call of Duty: Black Ops";"PS3";"2010";"Shooter";"Activision";12,73
43;"Mario Kart 7";"3DS";"2011";"Racing";"Nintendo";12,21
44;"Halo 3";"X360";"2007";"Shooter";"Microsoft Game Studios";12,14
45;"Grand Theft Auto V";"PS4";"2014";"Action";"Take-Two Interactive";11,98
46;"Pokemon HeartGold/Pokemon SoulSilver";"DS";"2009";"Action";"Nintendo";11,9
49;"Super Mario Galaxy";"Wii";"2007";"Platform";"Nintendo";11,52
50;"Pokemon Omega Ruby/Pokemon Alpha Sapphire";"3DS";"2014";"Role-Playing";"Nintendo";11,33
52;"Grand Theft Auto IV";"X360";"2008";"Action";"Take-Two Interactive";11,02
54;"Super Mario 3D Land";"3DS";"2011";"Platform";"Nintendo";10,79
55;"Gran Turismo 5";"PS3";"2010";"Racing";"Sony Computer Entertainment";10,77
56;"Call of Duty: Modern Warfare 2";"PS3";"2009";"Shooter";"Activision";10,69
57;"Grand Theft Auto IV";"PS3";"2008";"Action";"Take-Two Interactive";10,57
61;"Just Dance 3";"Wii";"2011";"Misc";"Ubisoft";10,26
62;"Call of Duty: Ghosts";"X360";"2013";"Shooter";"Activision";10,21
63;"Halo: Reach";"X360";"2010";"Shooter";"Microsoft Game Studios";9,88
65;"New Super Mario Bros. 2";"3DS";"2012";"Platform";"Nintendo";9,82
66;"Halo 4";"X360";"2012";"Shooter";"Microsoft Game Studios";9,76
68;"Call of Duty: Ghosts";"PS3";"2013";"Shooter";"Activision";9,59
69;"Just Dance 2";"Wii";"2010";"Misc";"Ubisoft";9,52
71;"Call of Duty 4: Modern Warfare";"X360";"2007";"Shooter";"Activision";9,32
73;"Minecraft";"X360";"2013";"Misc";"Microsoft Game Studios";9,2
74;"Animal Crossing: New Leaf";"3DS";"2012";"Simulation";"Nintendo";9,09
75;"Mario Party DS";"DS";"2007";"Misc";"Nintendo";9,02
76;"The Elder Scrolls V: Skyrim";"X360";"2011";"Role-Playing";"Bethesda Softworks";8,84
78;"FIFA 16";"PS4";"2015";"Sports";"Electronic Arts";8,49
79;"Wii Party";"Wii";"2010";"Misc";"Nintendo";8,49
81;"Mario Party 8";"Wii";"2007";"Misc";"Nintendo";8,42
82;"Pokemon Black 2/Pokemon White 2";"DS";"2012";"Role-Playing";"Nintendo";8,33
83;"FIFA Soccer 13";"PS3";"2012";"Action";"Electronic Arts";8,24
84;"The Sims 3";"PC";"2009";"Simulation";"Electronic Arts";8,11
86;"Mario & Sonic at the Olympic Games";"Wii";"2007";"Sports";"Sega";8,06
89;"Pok√©mon Platinum Version";"DS";"2008";"Role-Playing";"Nintendo";7,84
92;"Super Mario Galaxy 2";"Wii";"2010";"Platform";"Nintendo";7,69
93;"Star Wars Battlefront (2015)";"PS4";"2015";"Shooter";"Electronic Arts";7,67
94;"Call of Duty: Advanced Warfare";"PS4";"2014";"Shooter";"Activision";7,6
98;"Super Smash Bros. for Wii U and 3DS";"3DS";"2014";"Fighting";"Nintendo";7,45
99;"Call of Duty: World at War";"X360";"2008";"Shooter";"Activision";7,37
100;"Battlefield 3";"X360";"2011";"Shooter";"Electronic Arts";7,34
102;"Call of Duty: Black Ops 3";"XOne";"2015";"Shooter";"Activision";7,3
103;"Just Dance";"Wii";"2009";"Misc";"Ubisoft";7,27
104;"Battlefield 3";"PS3";"2011";"Shooter";"Electronic Arts";7,23
110;"Fallout 4";"PS4";"2015";"Role-Playing";"Bethesda Softworks";6,96
112;"Just Dance 4";"Wii";"2012";"Misc";"Ubisoft";6,91
113;"FIFA 14";"PS3";"2013";"Sports";"Electronic Arts";6,9
116;"Uncharted 3: Drake's Deception";"PS3";"2011";"Action";"Sony Computer Entertainment";6,83
118;"Zumba Fitness";"Wii";"2010";"Sports";"505 Games";6,81
119;"Gears of War 2";"X360";"2008";"Shooter";"Microsoft Game Studios";6,76
120;"Uncharted 2: Among Thieves";"PS3";"2009";"Action";"Sony Computer Entertainment";6,73
121;"Call of Duty 4: Modern Warfare";"PS3";"2007";"Shooter";"Activision";6,72
122;"FIFA 12";"PS3";"2011";"Sports";"Electronic Arts";6,69
124;"Red Dead Redemption";"PS3";"2010";"Action";"Take-Two Interactive";6,6
125;"FIFA 15";"PS4";"2014";"Sports";"Electronic Arts";6,59
126;"Donkey Kong Country Returns";"Wii";"2010";"Platform";"Nintendo";6,59
127;"The Elder Scrolls V: Skyrim";"PS3";"2011";"Role-Playing";"Bethesda Softworks";6,56
129;"Assassin's Creed III";"PS3";"2012";"Action";"Ubisoft";6,5
134;"Halo 3: ODST";"X360";"2009";"Shooter";"Microsoft Game Studios";6,36
135;"Red Dead Redemption";"X360";"2010";"Action";"Take-Two Interactive";6,34
140;"Kinect Sports";"X360";"2010";"Sports";"Microsoft Game Studios";6,24
141;"Gears of War 3";"X360";"2011";"Shooter";"Microsoft Game Studios";6,24
145;"Metal Gear Solid 4: Guns of the Patriots";"PS3";"2008";"Action";"Konami Digital Entertainment";6,03
147;"The Last of Us";"PS3";"2013";"Action";"Sony Computer Entertainment Europe";5,99
149;"LittleBigPlanet";"PS3";"2008";"Platform";"Sony Computer Entertainment";5,92
150;"Dragon Quest IX: Sentinels of the Starry Skies";"DS";"2009";"Role-Playing";"Nintendo";5,84
151;"LEGO Star Wars: The Complete Saga";"Wii";"2007";"Action";"LucasArts";5,83
155;"Destiny";"PS4";"2014";"Shooter";"Activision";5,65
157;"Assassin's Creed II";"PS3";"2009";"Action";"Ubisoft";5,57
159;"Assassin's Creed";"X360";"2007";"Adventure";"Ubisoft";5,55
160;"Batman: Arkham City";"PS3";"2011";"Action";"Warner Bros. Interactive Entertainment";5,53
161;"Forza Motorsport 3";"X360";"2009";"Racing";"Microsoft Game Studios";5,51
162;"Monster Hunter Freedom Unite";"PSP";"2008";"Role-Playing";"Capcom";5,5
167;"Call of Duty: World at War";"PS3";"2008";"Shooter";"Activision";5,43
169;"Minecraft";"PS3";"2014";"Misc";"Sony Computer Entertainment";5,42
170;"Final Fantasy XIII";"PS3";"2009";"Role-Playing";"Square Enix";5,36
173;"Assassin's Creed III";"X360";"2012";"Action";"Ubisoft";5,3
177;"Assassin's Creed II";"X360";"2009";"Action";"Ubisoft";5,27
178;"Professor Layton and the Curious Village";"DS";"2007";"Puzzle";"Nintendo";5,26
182;"Diablo III";"PC";"2012";"Role-Playing";"Activision";5,2
186;"FIFA Soccer 13";"X360";"2012";"Action";"Electronic Arts";5,18
187;"The Legend of Zelda: Phantom Hourglass";"DS";"2007";"Action";"Nintendo";5,17
189;"Tomodachi Life";"3DS";"2013";"Simulation";"Nintendo";5,15
190;"Mario & Sonic at the Olympic Games";"DS";"2008";"Sports";"Sega";5,14
193;"Fable III";"X360";"2010";"Role-Playing";"Microsoft Game Studios";5,13
194;"Call of Duty: Advanced Warfare";"XOne";"2014";"Shooter";"Activision";5,13
197;"Resident Evil 5";"PS3";"2009";"Action";"Capcom";5,11
198;"Grand Theft Auto V";"XOne";"2014";"Action";"Take-Two Interactive";5,08
200;"FIFA Soccer 11";"PS3";"2010";"Sports";"Electronic Arts";5,08
207;"Link's Crossbow Training";"Wii";"2007";"Shooter";"Nintendo";5
208;"Guitar Hero III: Legends of Rock";"PS2";"2007";"Misc";"Activision";4,98
209;"Fallout 3";"X360";"2008";"Role-Playing";"Bethesda Softworks";4,96
210;"Pokemon Mystery Dungeon: Explorers of Time/Explorers of Darkness";"DS";"2007";"Role-Playing";"Nintendo";4,96
211;"Uncharted: Drake's Fortune";"PS3";"2007";"Action";"Sony Computer Entertainment";4,94
213;"LEGO Star Wars: The Complete Saga";"DS";"2007";"Action";"LucasArts";4,9
215;"Monster Hunter Freedom 3";"PSP";"2010";"Role-Playing";"Capcom";4,87
217;"God of War III";"PS3";"2010";"Action";"Sony Computer Entertainment";4,84
218;"StarCraft II: Wings of Liberty";"PC";"2010";"Strategy";"Activision";4,83
219;"Assassin's Creed";"PS3";"2007";"Adventure";"Ubisoft";4,83
220;"FIFA 15";"PS3";"2014";"Sports";"Electronic Arts";4,82
222;"FIFA 17";"PS4";"2016";"Sports";"Electronic Arts";4,77
223;"Batman: Arkham City";"X360";"2011";"Action";"Warner Bros. Interactive Entertainment";4,76
227;"Animal Crossing: City Folk";"Wii";"2008";"Simulation";"Nintendo";4,68
229;"Forza Motorsport 4";"X360";"2011";"Racing";"Microsoft Game Studios";4,64
231;"Guitar Hero III: Legends of Rock";"Wii";"2007";"Misc";"Activision";4,62
234;"Mario & Sonic at the Olympic Winter Games";"Wii";"2009";"Sports";"Sega";4,58
235;"Luigi's Mansion: Dark Moon";"3DS";"2013";"Action";"Nintendo";4,58
237;"The Last of Us";"PS4";"2014";"Action";"Sony Computer Entertainment";4,55
238;"Guitar Hero III: Legends of Rock";"X360";"2007";"Misc";"Activision";4,53
244;"Uncharted: The Nathan Drake Collection";"PS4";"2015";"Action";"Sony Computer Entertainment";4,47
245;"Call of Duty: Advanced Warfare";"PS3";"2014";"Shooter";"Activision";4,45
248;"Michael Jackson: The Experience";"Wii";"2010";"Misc";"Ubisoft";4,42
257;"FIFA 14";"X360";"2013";"Sports";"Electronic Arts";4,31
258;"Call of Duty: Advanced Warfare";"X360";"2014";"Shooter";"Activision";4,31
260;"Fable II";"X360";"2008";"Role-Playing";"Microsoft Game Studios";4,31
261;"Halo 5: Guardians";"XOne";"2015";"Shooter";"Microsoft Game Studios";4,26
263;"Batman: Arkham Asylum";"PS3";"2009";"Action";"Eidos Interactive";4,25
264;"Assassin's Creed: Revelations";"PS3";"2011";"Action";"Ubisoft";4,24
269;"The Legend of Zelda: Ocarina of Time";"3DS";"2011";"Action";"Nintendo";4,21
272;"Uncharted 4: A Thief's End";"PS4";"2016";"Shooter";"Sony Computer Entertainment";4,2
273;"Gran Turismo 5 Prologue";"PS3";"2007";"Racing";"Sony Computer Entertainment";4,2
274;"Assassin's Creed: Revelations";"X360";"2011";"Action";"Ubisoft";4,19
275;"Street Fighter IV";"PS3";"2009";"Fighting";"Capcom";4,19
276;"FIFA 12";"X360";"2011";"Sports";"Electronic Arts";4,19
281;"Watch Dogs";"PS4";"2014";"Action";"Ubisoft";4,14
285;"The Legend of Zelda: Skyward Sword";"Wii";"2011";"Action";"Nintendo";4,1
287;"Carnival Games";"Wii";"2007";"Misc";"Take-Two Interactive";4,1
288;"Fallout 4";"XOne";"2015";"Role-Playing";"Bethesda Softworks";4,09
289;"World of Warcraft: The Burning Crusade";"PC";"2007";"Role-Playing";"Activision";4,09
290;"Fallout: New Vegas";"X360";"2010";"Role-Playing";"Bethesda Softworks";4,08
291;"God of War II";"PS2";"2007";"Action";"Sony Computer Entertainment";4,07
292;"Forza Motorsport 2";"X360";"2007";"Racing";"Microsoft Game Studios";4,06
296;"Far Cry 4";"PS4";"2014";"Shooter";"Ubisoft";4,03
298;"Minecraft";"PS4";"2014";"Misc";"Sony Computer Entertainment Europe";4,02
300;"Fallout 3";"PS3";"2008";"Role-Playing";"Bethesda Softworks";4,01
301;"Professor Layton and the Diabolical Box";"DS";"2007";"Puzzle";"Nintendo";4
302;"Left 4 Dead 2";"X360";"2009";"Shooter";"Electronic Arts";3,99
304;"EA Sports Active";"Wii";"2009";"Sports";"Electronic Arts";3,92
305;"Assassin's Creed: Unity";"PS4";"2014";"Action";"Ubisoft";3,92
308;"Assassin's Creed IV: Black Flag";"PS3";"2013";"Action";"Ubisoft";3,89
309;"Monster Hunter 4 Ultimate";"3DS";"2014";"Role-Playing";"Nintendo";3,89
311;"The Elder Scrolls V: Skyrim";"PC";"2011";"Role-Playing";"Bethesda Softworks";3,88
314;"Sports Champions";"PS3";"2010";"Sports";"Sony Computer Entertainment";3,87
315;"NBA 2K16";"PS4";"2015";"Sports";"Take-Two Interactive";3,85
317;"Flash Focus: Vision Training in Minutes a Day";"DS";"2007";"Misc";"Nintendo";3,84
320;"Mario & Luigi: Bowser's Inside Story";"DS";"2009";"Role-Playing";"Nintendo";3,83
321;"Big Brain Academy: Wii Degree";"Wii";"2007";"Misc";"Nintendo";3,82
322;"Nintendogs + cats";"3DS";"2011";"Simulation";"Nintendo";3,81
323;"Batman: Arkham Knight";"PS4";"2015";"Action";"Warner Bros. Interactive Entertainment";3,79
324;"Mario & Sonic at the London 2012 Olympic Games";"Wii";"2011";"Sports";"Sega";3,78
325;"LEGO Indiana Jones: The Original Adventures";"X360";"2008";"Action";"Activision";3,78
327;"Ratchet & Clank: Size Matters";"PSP";"2007";"Platform";"Sony Computer Entertainment";3,77
328;"Just Dance 2014";"Wii";"2013";"Misc";"Ubisoft";3,76
330;"Super Paper Mario";"Wii";"2007";"Platform";"Nintendo";3,76
332;"The Witcher 3: Wild Hunt";"PS4";"2015";"Role-Playing";"Namco Bandai Games";3,73
337;"Battlefield 4";"PS3";"2013";"Shooter";"Electronic Arts";3,69
338;"MySims";"DS";"2007";"Simulation";"Electronic Arts";3,69
339;"Friend Collection";"DS";"2009";"Misc";"Nintendo";3,67
344;"Guitar Hero: World Tour";"Wii";"2008";"Misc";"Activision";3,65
345;"Gran Turismo 6";"PS3";"2013";"Racing";"Sony Computer Entertainment";3,64
348;"FIFA Soccer 10";"PS3";"2009";"Sports";"Electronic Arts";3,63
349;"Pro Evolution Soccer 2008";"PS2";"2007";"Sports";"Konami Digital Entertainment";3,63
350;"Call of Duty: Ghosts";"PS4";"2013";"Shooter";"Activision";3,63
352;"Tom Clancy's The Division";"PS4";"2016";"Shooter";"Ubisoft";3,61
356;"Cooking Mama 2: Dinner With Friends";"DS";"2007";"Simulation";"505 Games";3,61
366;"Battlefield 4";"X360";"2013";"Shooter";"Electronic Arts";3,53
367;"FIFA Soccer 11";"X360";"2010";"Sports";"Electronic Arts";3,53
370;"Left 4 Dead";"X360";"2008";"Shooter";"Electronic Arts";3,52
371;"Mario & Sonic at the Olympic Winter Games";"DS";"2009";"Sports";"Sega";3,52
372;"Resident Evil 5";"X360";"2009";"Action";"Capcom";3,51
374;"Assassin's Creed: Brotherhood";"X360";"2010";"Action";"Ubisoft";3,5
376;"Batman: Arkham Asylum";"X360";"2009";"Action";"Eidos Interactive";3,5
379;"Star Wars Battlefront (2015)";"XOne";"2015";"Shooter";"Electronic Arts";3,49
380;"Battlefield: Bad Company 2";"X360";"2010";"Shooter";"Electronic Arts";3,48
381;"Guitar Hero: On Tour";"DS";"2008";"Misc";"Activision";3,48
382;"Assassin's Creed: Unity";"XOne";"2014";"Action";"Ubisoft";3,46
383;"Far Cry 3";"PS3";"2012";"Shooter";"Ubisoft";3,45
384;"Monster Hunter 4";"3DS";"2013";"Role-Playing";"Capcom";3,44
385;"Borderlands";"X360";"2009";"Shooter";"Take-Two Interactive";3,44
387;"Battlefield 4";"PS4";"2013";"Shooter";"Electronic Arts";3,43
388;"LittleBigPlanet 2";"PS3";"2011";"Platform";"Sony Computer Entertainment";3,42
395;"LEGO Batman: The Videogame";"X360";"2008";"Action";"Warner Bros. Interactive Entertainment";3,38
396;"Metal Gear Solid V: The Phantom Pain";"PS4";"2015";"Action";"Konami Digital Entertainment";3,38
397;"The Legend of Zelda: Spirit Tracks";"DS";"2009";"Action";"Nintendo";3,38
400;"Professor Layton and the Unwound Future";"DS";"2008";"Puzzle";"Nintendo";3,36
402;"Assassin's Creed IV: Black Flag";"X360";"2013";"Action";"Ubisoft";3,34
406;"Mario Party 9";"Wii";"2012";"Misc";"Nintendo";3,32
410;"Assassin's Creed Syndicate";"PS4";"2015";"Action";"Ubisoft";3,28
411;"Destiny";"XOne";"2014";"Shooter";"Activision";3,28
413;"Wii Music";"Wii";"2008";"Misc";"Nintendo";3,27
414;"Gran Turismo (PSP)";"PSP";"2009";"Racing";"Sony Computer Entertainment";3,27
415;"Monster Hunter X";"3DS";"2015";"Action";"Capcom";3,26
417;"FIFA 16";"XOne";"2015";"Sports";"Electronic Arts";3,23
418;"L.A. Noire";"PS3";"2011";"Adventure";"Take-Two Interactive";3,23
419;"Madden NFL 16";"PS4";"2015";"Sports";"Electronic Arts";3,22
420;"Yokai Watch 2 Ganso/Honke";"3DS";"2014";"Role-Playing";"Nintendo";3,22
425;"Crisis Core: Final Fantasy VII";"PSP";"2007";"Role-Playing";"Square Enix";3,19
426;"God of War: Chains of Olympus";"PSP";"2008";"Action";"Sony Computer Entertainment";3,19
428;"Dance Central";"X360";"2010";"Misc";"MTV Games";3,19
431;"Fallout: New Vegas";"PS3";"2010";"Role-Playing";"Bethesda Softworks";3,17
433;"Rhythm Heaven";"DS";"2008";"Misc";"Nintendo";3,17
435;"Club Penguin: Elite Penguin Force";"DS";"2008";"Adventure";"Disney Interactive Studios";3,16
437;"LEGO Batman: The Videogame";"DS";"2008";"Action";"Warner Bros. Interactive Entertainment";3,15
439;"Resident Evil 6";"PS3";"2012";"Shooter";"Capcom";3,15
440;"Halo: The Master Chief Collection";"XOne";"2014";"Shooter";"Microsoft Game Studios";3,15
441;"FIFA Soccer 08";"PS2";"2007";"Sports";"Electronic Arts";3,14
446;"The Elder Scrolls IV: Oblivion";"PS3";"2007";"Role-Playing";"Ubisoft";3,12
448;"Heavy Rain";"PS3";"2010";"Adventure";"Sony Computer Entertainment";3,12
449;"Mass Effect 2";"X360";"2010";"Role-Playing";"Electronic Arts";3,11
450;"FIFA 15";"X360";"2014";"Sports";"Electronic Arts";3,11
454;"Borderlands 2";"X360";"2012";"Shooter";"Take-Two Interactive";3,07
455;"The Legend of Zelda: A Link Between Worlds";"3DS";"2013";"Action";"Nintendo";3,07
458;"Mass Effect 3";"X360";"2012";"Role-Playing";"Electronic Arts";3,07
459;"Kung Fu Panda";"X360";"2008";"Action";"Activision";3,05
460;"Far Cry 3";"X360";"2012";"Shooter";"Ubisoft";3,04
461;"Epic Mickey";"Wii";"2010";"Platform";"Disney Interactive Studios";3,04
462;"Saints Row 2";"X360";"2008";"Action";"THQ";3,03
464;"Killzone 2";"PS3";"2009";"Shooter";"Sony Computer Entertainment";3,02
468;"Gears of War: Ultimate Edition";"XOne";"2015";"Shooter";"Microsoft Game Studios";3
469;"NBA 2K13";"X360";"2012";"Sports";"Take-Two Interactive";3
470;"Dragon Ball Z: Budokai Tenkaichi 3";"PS2";"2007";"Fighting";"Atari";3
472;"Middle-Earth: Shadow of Mordor";"PS4";"2014";"Action";"Warner Bros. Interactive Entertainment";2,99
477;"Animal Crossing: Happy Home Designer";"3DS";"2015";"Simulation";"Nintendo";2,98
478;"Battlefield: Bad Company 2";"PS3";"2010";"Shooter";"Electronic Arts";2,97
479;"The Sims 4";"PC";"2014";"Simulation";"Electronic Arts";2,97
480;"Star Wars: The Old Republic";"PC";"2011";"Role-Playing";"Electronic Arts";2,97
482;"Kirby Super Star Ultra";"DS";"2008";"Platform";"Nintendo";2,96
484;"Street Fighter IV";"X360";"2009";"Fighting";"Capcom";2,95
488;"inFAMOUS";"PS3";"2009";"Action";"Sony Computer Entertainment";2,94
490;"Mass Effect";"X360";"2007";"Role-Playing";"Microsoft Game Studios";2,93
492;"Cooking Mama: Cook Off";"Wii";"2007";"Simulation";"505 Games";2,91
494;"FIFA 14";"PS4";"2013";"Sports";"Electronic Arts";2,9
495;"Titanfall";"XOne";"2014";"Shooter";"Electronic Arts";2,9
497;"Sega Superstars Tennis";"X360";"2008";"Sports";"Sega";2,9
499;"Need for Speed: Most Wanted";"PS3";"2012";"Racing";"Electronic Arts";2,89
502;"Zumba Fitness 2";"Wii";"2011";"Sports";"Majesco Entertainment";2,88
504;"Imagine: Babyz";"DS";"2007";"Simulation";"Ubisoft";2,88
506;"Call of Duty: Ghosts";"XOne";"2013";"Shooter";"Activision";2,86
507;"Madden NFL 13";"X360";"2012";"Sports";"Electronic Arts";2,86
509;"Mortal Kombat";"PS3";"2011";"Fighting";"Warner Bros. Interactive Entertainment";2,85
513;"Skylanders: Spyro's Adventure";"Wii";"2011";"Action";"Activision";2,85
514;"FIFA 16";"PS3";"2015";"Sports";"Electronic Arts";2,85
515;"Assassin's Creed: Brotherhood";"PS3";"2010";"Action";"Ubisoft";2,84
516;"BioShock";"X360";"2007";"Shooter";"Take-Two Interactive";2,83
517;"Madden NFL 10";"X360";"2009";"Sports";"Electronic Arts";2,83
518;"Medal of Honor";"PS3";"2010";"Shooter";"Electronic Arts";2,83
523;"Need for Speed: Hot Pursuit";"PS3";"2010";"Racing";"Electronic Arts";2,81
524;"Imagine: Fashion Designer";"DS";"2007";"Simulation";"Ubisoft";2,81
526;"Star Wars: The Force Unleashed";"X360";"2008";"Action";"LucasArts";2,8
529;"Killzone 3";"PS3";"2011";"Shooter";"Sony Computer Entertainment";2,79
534;"Battlefield 3";"PC";"2011";"Shooter";"Electronic Arts";2,79
536;"Professor Layton and the Last Specter";"DS";"2009";"Puzzle";"Nintendo";2,79
537;"Monster Hunter Tri";"3DS";"2011";"Role-Playing";"Nintendo";2,79
539;"inFAMOUS: Second Son";"PS4";"2014";"Action";"Sony Computer Entertainment";2,78
541;"Tekken 6";"PS3";"2009";"Fighting";"Namco Bandai Games";2,78
543;"Sonic and the Secret Rings";"Wii";"2007";"Platform";"Sega";2,77
544;"Saints Row: The Third";"X360";"2011";"Action";"THQ";2,77
547;"Assassin's Creed IV: Black Flag";"PS4";"2013";"Action";"Ubisoft";2,74
550;"L.A. Noire";"X360";"2011";"Adventure";"Take-Two Interactive";2,72
554;"Mortal Kombat X";"PS4";"2015";"Fighting";"Warner Bros. Interactive Entertainment";2,7
556;"Madden NFL 12";"X360";"2011";"Sports";"Electronic Arts";2,69
558;"Madden NFL 11";"X360";"2010";"Sports";"Electronic Arts";2,69
559;"Mario vs. Donkey Kong: Mini-Land Mayhem!";"DS";"2010";"Puzzle";"Nintendo";2,69
560;"Skate 3";"X360";"2010";"Sports";"Electronic Arts";2,68
562;"Yokai Watch 2 Shinuchi";"3DS";"2014";"Role-Playing";"Level 5";2,68
563;"Need for Speed: Shift";"PS3";"2009";"Racing";"Electronic Arts";2,68
564;"Final Fantasy XIII-2";"PS3";"2011";"Role-Playing";"Square Enix";2,68
567;"Guitar Hero: World Tour";"X360";"2008";"Misc";"Activision";2,67
572;"Skylanders Giants";"Wii";"2012";"Action";"Activision";2,65
576;"LEGO Star Wars: The Complete Saga";"X360";"2007";"Action";"LucasArts";2,64
579;"Halo Wars";"X360";"2009";"Strategy";"Microsoft Game Studios";2,63
580;"God of War Collection";"PS3";"2009";"Action";"Sony Computer Entertainment";2,63
582;"Mario Strikers Charged";"Wii";"2007";"Sports";"Nintendo";2,62
583;"Medal of Honor";"X360";"2010";"Shooter";"Electronic Arts";2,62
584;"FIFA Soccer 10";"X360";"2009";"Sports";"Electronic Arts";2,62
585;"NBA 2K12";"X360";"2011";"Sports";"Take-Two Interactive";2,62
586;"Style Savvy";"DS";"2008";"Simulation";"Nintendo";2,61
588;"Super Mario All-Stars: Limited Edition";"Wii";"2010";"Platform";"Nintendo";2,6
590;"FIFA Soccer 09";"PS3";"2008";"Sports";"Electronic Arts";2,59
591;"Ratchet & Clank Future: Tools of Destruction";"PS3";"2007";"Platform";"Sony Computer Entertainment";2,59
593;"LittleBigPlanet";"PSP";"2009";"Platform";"Sony Computer Entertainment";2,58
594;"Killzone: Shadow Fall";"PS4";"2013";"Shooter";"Sony Computer Entertainment";2,58
595;"Ghostbusters: The Video Game (DS Version)";"X360";"2009";"Action";"Take-Two Interactive";2,58
596;"Monster Hunter Freedom 2";"PSP";"2007";"Role-Playing";"Capcom";2,58
599;"Art Academy";"DS";"2010";"Misc";"Nintendo";2,57
600;"Dragon Age: Origins";"X360";"2009";"Role-Playing";"Electronic Arts";2,57
601;"Madden NFL 08";"PS2";"2007";"Sports";"Electronic Arts";2,57
604;"Madden NFL 13";"PS3";"2012";"Sports";"Electronic Arts";2,56
606;"Deca Sports";"Wii";"2008";"Sports";"Konami Digital Entertainment";2,54
607;"Madden NFL 09";"X360";"2008";"Sports";"Electronic Arts";2,54
611;"Game Party";"Wii";"2007";"Misc";"Midway Games";2,52
613;"Tomb Raider (2013)";"PS3";"2013";"Action";"Square Enix";2,51
615;"PES 2009: Pro Evolution Soccer";"PS2";"2008";"Sports";"Konami Digital Entertainment";2,5
617;"Saints Row: The Third";"PS3";"2011";"Action";"THQ";2,49
619;"LEGO Harry Potter: Years 1-4";"Wii";"2010";"Action";"Warner Bros. Interactive Entertainment";2,49
621;"Resistance 2";"PS3";"2008";"Shooter";"Sony Computer Entertainment";2,48
622;"Pure";"X360";"2008";"Racing";"Disney Interactive Studios";2,48
624;"NBA 2K13";"PS3";"2012";"Sports";"Take-Two Interactive";2,48
626;"NBA 2K14";"X360";"2013";"Sports";"Take-Two Interactive";2,47
628;"uDraw Studio";"Wii";"2010";"Misc";"THQ";2,46
629;"Midnight Club: Los Angeles";"PS3";"2008";"Racing";"Take-Two Interactive";2,45
633;"Halo: Combat Evolved Anniversary";"X360";"2011";"Shooter";"Microsoft Game Studios";2,44
637;"Tom Clancy's Rainbow Six: Vegas 2";"X360";"2008";"Shooter";"Ubisoft";2,42
640;"pro evolution soccer 2011";"PS3";"2010";"Sports";"Konami Digital Entertainment";2,42
644;"Minecraft";"XOne";"2014";"Misc";"Microsoft Game Studios";2,41
645;"Need for Speed: ProStreet";"PS2";"2007";"Racing";"Electronic Arts";2,41
646;"Madden NFL 16";"XOne";"2015";"Sports";"Electronic Arts";2,4
651;"Need for Speed (2015)";"PS4";"2015";"Racing";"Electronic Arts";2,39
652;"Zumba Fitness";"X360";"2010";"Sports";"505 Games";2,39
656;"Batman: Arkham Origins";"PS3";"2013";"Action";"Warner Bros. Interactive Entertainment";2,39
657;"Dead Island";"X360";"2011";"Action";"Deep Silver";2,39
659;"LEGO Star Wars: The Complete Saga";"PS3";"2007";"Action";"LucasArts";2,38
660;"Kinect: Disneyland Adventures";"X360";"2011";"Misc";"Microsoft Game Studios";2,38
662;"Bloodborne";"PS4";"2015";"Action";"Sony Computer Entertainment";2,38
663;"NBA 2K15";"PS4";"2014";"Sports";"Take-Two Interactive";2,38
664;"Madden NFL 11";"PS3";"2010";"Sports";"Electronic Arts";2,38
666;"Madden NFL 08";"X360";"2007";"Sports";"Electronic Arts";2,37
670;"Madden NFL 10";"PS3";"2009";"Sports";"Electronic Arts";2,37
671;"Kinect Sports: Season Two";"X360";"2011";"Sports";"Microsoft Game Studios";2,36
673;"LEGO Harry Potter: Years 1-4";"DS";"2010";"Action";"Warner Bros. Interactive Entertainment";2,35
676;"Midnight Club: Los Angeles";"X360";"2008";"Racing";"Take-Two Interactive";2,35
677;"Skylanders SWAP Force";"Wii";"2013";"Platform";"Activision";2,34
678;"WWE SmackDown vs Raw 2008";"PS2";"2007";"Fighting";"THQ";2,34
679;"My Fitness Coach";"Wii";"2008";"Sports";"Ubisoft";2,34
681;"The Sims 3";"X360";"2010";"Simulation";"Electronic Arts";2,33
682;"The Legend of Zelda: Majora's Mask 3D";"3DS";"2015";"Action";"Nintendo";2,32
683;"NBA 2K16";"XOne";"2015";"Sports";"Take-Two Interactive";2,32
684;"Just Dance Kids";"Wii";"2010";"Misc";"Ubisoft";2,32
692;"LEGO Marvel Super Heroes";"X360";"2013";"Action";"Warner Bros. Interactive Entertainment";2,3
693;"Guild Wars 2";"PC";"2012";"Action";"NCSoft";2,3
694;"Pokemon Ranger: Shadows of Almia";"DS";"2008";"Role-Playing";"Nintendo";2,3
695;"Dead Island";"PS3";"2011";"Action";"Deep Silver";2,29
697;"God of War: Ascension";"PS3";"2013";"Action";"Sony Computer Entertainment";2,29
699;"Pro Evolution Soccer 2010";"PS3";"2009";"Sports";"Konami Digital Entertainment";2,28
700;"Just Dance 2015";"Wii";"2014";"Misc";"Ubisoft";2,28
701;"Yokai Watch Busters";"3DS";"2015";"Action";"Level 5";2,28
703;"FIFA Soccer 09";"PS2";"2008";"Sports";"Electronic Arts";2,28
704;"Star Wars: The Force Unleashed";"PS3";"2008";"Action";"LucasArts";2,28
705;"Borderlands 2";"PS3";"2012";"Shooter";"Take-Two Interactive";2,28
707;"Paper Mario: Sticker Star";"3DS";"2012";"Role-Playing";"Nintendo";2,27
708;"Sonic's Ultimate Genesis Collection";"PS3";"2009";"Misc";"Sega";2,27
712;"Guitar Hero III: Legends of Rock";"PS3";"2007";"Misc";"Activision";2,26
714;"Resident Evil 4";"Wii";"2007";"Action";"Capcom";2,26
715;"Minecraft";"PSV";"2014";"Misc";"Sony Computer Entertainment Europe";2,25
719;"Madden NFL 12";"PS3";"2011";"Sports";"Electronic Arts";2,25
720;"Monster Hunter Tri";"Wii";"2009";"Role-Playing";"Nintendo";2,25
721;"Dissidia: Final Fantasy";"PSP";"2008";"Fighting";"Square Enix";2,25
725;"LEGO Indiana Jones: The Original Adventures";"DS";"2008";"Action";"Activision";2,23
726;"Dance Dance Revolution X2";"PS2";"2009";"Simulation";"Konami Digital Entertainment";2,23
729;"Scribblenauts";"DS";"2009";"Puzzle";"Warner Bros. Interactive Entertainment";2,22
731;"Need for Speed: Hot Pursuit";"X360";"2010";"Racing";"Electronic Arts";2,22
732;"BioShock 2";"X360";"2010";"Shooter";"Take-Two Interactive";2,21
733;"Assassin's Creed IV: Black Flag";"XOne";"2013";"Action";"Ubisoft";2,21
735;"Rock Band 2";"X360";"2008";"Misc";"Electronic Arts";2,2
737;"Guitar Hero II";"X360";"2007";"Misc";"Activision";2,2
740;"Sonic Unleashed";"Wii";"2008";"Platform";"Sega";2,2
741;"High School Musical: Makin' the Cut!";"DS";"2007";"Puzzle";"Disney Interactive Studios";2,2
742;"Pro Evolution Soccer 2012";"PS3";"2011";"Action";"Konami Digital Entertainment";2,19
747;"Hitman: Absolution";"PS3";"2012";"Action";"Square Enix";2,19
750;"Forza Motorsport 5";"XOne";"2013";"Racing";"Microsoft Game Studios";2,18
751;"Madden NFL 25";"X360";"2013";"Sports";"Electronic Arts";2,18
754;"Final Fantasy XIII";"X360";"2010";"Role-Playing";"Square Enix";2,17
758;"Your Shape featuring Jenny McCarthy";"Wii";"2009";"Sports";"Ubisoft";2,16
760;"Tom Clancy's Rainbow Six: Siege";"PS4";"2015";"Shooter";"Ubisoft";2,15
762;"FIFA 15";"XOne";"2014";"Sports";"Electronic Arts";2,15
763;"Call of Duty: Roads to Victory";"PSP";"2007";"Shooter";"Activision";2,14
772;"Far Cry: Primal";"PS4";"2016";"Action";"Ubisoft";2,13
773;"Toy Story 3: The Video Game";"DS";"2010";"Action";"Disney Interactive Studios";2,12
775;"Kirby's Epic Yarn";"Wii";"2010";"Platform";"Nintendo";2,12
778;"NBA 2K12";"PS3";"2011";"Sports";"Take-Two Interactive";2,11
779;"Borderlands";"PS3";"2009";"Shooter";"Take-Two Interactive";2,11
781;"PES 2009: Pro Evolution Soccer";"PS3";"2008";"Sports";"Konami Digital Entertainment";2,11
783;"Mario Sports Mix";"Wii";"2010";"Sports";"Nintendo";2,11
786;"Mortal Kombat";"X360";"2011";"Fighting";"Warner Bros. Interactive Entertainment";2,11
791;"Portal 2";"X360";"2011";"Shooter";"Valve Software";2,1
796;"NBA 2K11";"X360";"2010";"Action";"Take-Two Interactive";2,09
797;"Wipeout: The Game";"Wii";"2009";"Misc";"Mindscape";2,09
799;"Battlefield: Hardline";"PS4";"2015";"Shooter";"Electronic Arts";2,09
800;"Metal Gear Solid: Peace Walker";"PSP";"2010";"Action";"Konami Digital Entertainment";2,09
801;"World of Warcraft: Cataclysm";"PC";"2010";"Role-Playing";"Activision";2,08
803;"Need For Speed: Undercover";"PS3";"2008";"Racing";"Electronic Arts";2,08
804;"Dance Dance Revolution: Hottest Party";"Wii";"2007";"Simulation";"Konami Digital Entertainment";2,08
806;"Ghostbusters: The Video Game (DS Version)";"PS3";"2010";"Action";"Take-Two Interactive";2,08
809;"Skate 3";"PS3";"2010";"Sports";"Electronic Arts";2,08
811;"Kingdom Hearts: Birth by Sleep";"PSP";"2010";"Role-Playing";"Square Enix";2,07
812;"UFC 2009 Undisputed";"X360";"2009";"Fighting";"THQ";2,07
813;"Dark Souls";"PS3";"2011";"Role-Playing";"Namco Bandai Games";2,07
815;"Need for Speed: ProStreet";"X360";"2007";"Racing";"Electronic Arts";2,06
816;"The Sims 3";"PS3";"2010";"Simulation";"Electronic Arts";2,06
817;"Tom Clancy's Splinter Cell: Conviction";"X360";"2010";"Action";"Ubisoft";2,06
822;"Mario & Luigi: Dream Team";"3DS";"2013";"Role-Playing";"Nintendo";2,06
823;"Need for Speed: ProStreet";"PS3";"2007";"Racing";"Electronic Arts";2,05
824;"Carnival Games";"DS";"2008";"Misc";"Take-Two Interactive";2,05
825;"NBA 2K14";"PS3";"2013";"Sports";"Take-Two Interactive";2,05
828;"Diablo III";"PS3";"2013";"Role-Playing";"Activision";2,05
830;"PGR4 - Project Gotham Racing 4";"X360";"2007";"Racing";"Microsoft Game Studios";2,05
831;"Kingdom Hearts 358/2 Days";"DS";"2009";"Role-Playing";"Square Enix";2,04
832;"Dance Central 2";"X360";"2011";"Misc";"Microsoft Game Studios";2,04
833;"Rayman Raving Rabbids: TV Party";"Wii";"2008";"Misc";"Ubisoft";2,04
837;"Need for Speed: The Run";"PS3";"2011";"Action";"Electronic Arts";2,04
838;"Madden NFL 15";"PS4";"2014";"Sports";"Electronic Arts";2,03
840;"Just Dance 3";"X360";"2011";"Misc";"Ubisoft";2,03
842;"Dead Space";"PS3";"2008";"Action";"Electronic Arts";2,02
844;"Madden NFL 15";"X360";"2014";"Sports";"Electronic Arts";2,02
845;"Forza Horizon";"X360";"2012";"Racing";"Microsoft Game Studios";2,02
846;"TouchMaster";"DS";"2007";"Puzzle";"Midway Games";2,01
847;"Tom Clancy's The Division";"XOne";"2016";"Shooter";"Ubisoft";2,01
848;"LEGO Marvel Super Heroes";"PS3";"2013";"Action";"Warner Bros. Interactive Entertainment";2
849;"Fire Emblem: Awakening";"3DS";"2012";"Role-Playing";"Nintendo";2
850;"DriveClub";"PS4";"2014";"Racing";"Sony Computer Entertainment";2
852;"Mortal Kombat vs. DC Universe";"PS3";"2008";"Fighting";"Midway Games";2
858;"Battlefield 4";"XOne";"2013";"Shooter";"Electronic Arts";1,98
859;"Resident Evil 6";"X360";"2012";"Shooter";"Capcom";1,98
860;"Dragon Age: Inquisition";"PS4";"2014";"Role-Playing";"Electronic Arts";1,97
861;"Sonic Classic Collection";"DS";"2010";"Platform";"Sega";1,97
863;"Call of Duty: World at War";"Wii";"2008";"Shooter";"Activision";1,97
865;"Burnout Paradise";"PS3";"2008";"Racing";"Electronic Arts";1,97
867;"BioShock Infinite";"X360";"2013";"Shooter";"Take-Two Interactive";1,96
873;"Destiny";"X360";"2014";"Shooter";"Activision";1,95
879;"FIFA Soccer 09";"X360";"2008";"Sports";"Electronic Arts";1,94
887;"Batman: Arkham Origins";"X360";"2013";"Action";"Warner Bros. Interactive Entertainment";1,93
888;"Guitar Hero: World Tour";"PS3";"2008";"Misc";"Activision";1,93
892;"Mortal Kombat vs. DC Universe";"X360";"2008";"Fighting";"Midway Games";1,93
893;"Watch Dogs";"PS3";"2014";"Action";"Ubisoft";1,93
894;"Mario Super Sluggers";"Wii";"2008";"Sports";"Nintendo";1,93
895;"Tomb Raider (2013)";"X360";"2013";"Action";"Square Enix";1,92
897;"Need for Speed: Shift";"X360";"2009";"Racing";"Electronic Arts";1,92
898;"Monopoly";"Wii";"2008";"Misc";"Electronic Arts";1,92
903;"Toy Story Mania!";"Wii";"2009";"Misc";"Disney Interactive Studios";1,92
905;"Star Wars: The Force Unleashed";"Wii";"2008";"Action";"LucasArts";1,91
906;"Game Party 2";"Wii";"2008";"Misc";"Midway Games";1,91
907;"Destiny: The Taken King";"PS4";"2015";"Shooter";"Activision";1,91
908;"LEGO Star Wars III: The Clone Wars";"Wii";"2011";"Action";"LucasArts";1,91
910;"Max Payne 3";"PS3";"2012";"Shooter";"Take-Two Interactive";1,9
911;"Need for Speed Rivals";"PS4";"2013";"Racing";"Electronic Arts";1,89
912;"Madden NFL 09";"PS3";"2008";"Sports";"Electronic Arts";1,89
913;"Yokai Watch";"3DS";"2013";"Role-Playing";"Nintendo";1,89
914;"Ratchet & Clank Future: A Crack in Time";"PS3";"2009";"Platform";"Sony Computer Entertainment";1,88
920;"High School Musical: Sing It!";"PS2";"2007";"Misc";"Disney Interactive Studios";1,87
924;"Donkey Kong Country Returns";"3DS";"2013";"Platform";"Nintendo";1,87
931;"LittleBigPlanet 3";"PS4";"2014";"Platform";"Sony Computer Entertainment";1,86
933;"Phineas and Ferb";"DS";"2009";"Action";"Disney Interactive Studios";1,86
935;"GoldenEye 007 (2010)";"Wii";"2010";"Action";"Activision";1,86
936;"Mario Party: Island Tour";"3DS";"2013";"Misc";"Nintendo";1,85
938;"Rayman Raving Rabbids 2";"Wii";"2007";"Misc";"Ubisoft";1,85
941;"inFAMOUS 2";"PS3";"2011";"Action";"Sony Computer Entertainment";1,85
943;"Demon's Souls";"PS3";"2009";"Role-Playing";"Namco Bandai Games";1,84
947;"World of Warcraft: Mists of Pandaria";"PC";"2012";"Role-Playing";"Activision";1,83
949;"Just Cause 3";"PS4";"2015";"Action";"Square Enix";1,83
951;"The Orange Box";"X360";"2007";"Shooter";"Electronic Arts";1,83
953;"Kirby: Triple Deluxe";"3DS";"2014";"Platform";"Nintendo";1,82
957;"Metroid Prime 3: Corruption";"Wii";"2007";"Shooter";"Nintendo";1,82
958;"Dragon Quest VI: Realms of Revelation";"DS";"2010";"Role-Playing";"Nintendo";1,81
959;"The Evil Within";"PS4";"2014";"Action";"Bethesda Softworks";1,81
964;"Guitar Hero: World Tour";"PS2";"2008";"Misc";"Activision";1,8
967;"NBA 2K11";"PS3";"2010";"Action";"Take-Two Interactive";1,8
969;"Call of Duty: Black Ops 3";"PS3";"2015";"Shooter";"Activision";1,79
971;"Beyond: Two Souls";"PS3";"2013";"Adventure";"Sony Computer Entertainment";1,79
972;"Kinect Star Wars";"X360";"2012";"Action";"Microsoft Game Studios";1,78
977;"Professor Layton and the Mask of Miracle";"3DS";"2011";"Puzzle";"Nintendo";1,78
978;"Just Cause 2";"PS3";"2010";"Action";"Square Enix";1,78
979;"Dragon's Dogma";"PS3";"2012";"Role-Playing";"Capcom";1,78
982;"High School Musical: Sing It!";"Wii";"2007";"Misc";"Disney Interactive Studios";1,77
984;"Madden NFL 25";"PS3";"2013";"Sports";"Electronic Arts";1,77
988;"UFC 2009 Undisputed";"PS3";"2009";"Fighting";"THQ";1,77
998;"BioShock Infinite";"PS3";"2013";"Shooter";"Take-Two Interactive";1,76
999;"Hitman: Absolution";"X360";"2012";"Action";"Square Enix";1,76
1001;"Call of Duty: Black Ops 3";"X360";"2015";"Shooter";"Activision";1,76
1003;"FIFA Soccer 08";"PS3";"2007";"Sports";"Electronic Arts";1,76
1006;"Kingdom Hearts";"PS3";"2013";"Role-Playing";"Square Enix";1,75
1009;"Crackdown";"X360";"2007";"Shooter";"Microsoft Game Studios";1,75
1013;"Cooking Mama 3: Shop & Chop";"DS";"2009";"Simulation";"505 Games";1,75
1014;"Dance Dance Revolution X";"PS2";"2008";"Simulation";"Konami Digital Entertainment";1,75
1018;"Portal 2";"PS3";"2011";"Shooter";"Valve";1,74
1019;"The Beatles: Rock Band";"Wii";"2009";"Misc";"MTV Games";1,74
1020;"Forza Motorsport 6";"XOne";"2015";"Racing";"Microsoft Game Studios";1,74
1021;"Sonic Colors";"Wii";"2010";"Platform";"Sega";1,74
1024;"Diablo III";"PS4";"2014";"Role-Playing";"Activision";1,74
1025;"Uncharted: Golden Abyss";"PSV";"2011";"Shooter";"Sony Computer Entertainment";1,74
1026;"Destiny";"PS3";"2014";"Shooter";"Activision";1,73
1028;"Overwatch";"PS4";"2016";"Shooter";"Activision";1,73
1031;"Disney Infinity";"Wii";"2013";"Action";"Disney Interactive Studios";1,73
1033;"Dishonored";"X360";"2012";"Action";"Bethesda Softworks";1,73
1035;"The Order: 1886";"PS4";"2015";"Shooter";"Sony Computer Entertainment";1,72
1036;"The Elder Scrolls Online";"PS4";"2015";"Role-Playing";"Bethesda Softworks";1,72
1037;"Call of Duty: World at War Final Fronts";"PS2";"2008";"Shooter";"Activision";1,72
1038;"Imagine: Teacher";"DS";"2008";"Simulation";"Ubisoft";1,72
1039;"Call of Duty: Modern Warfare 3";"PC";"2011";"Shooter";"Activision";1,72
1042;"The Sims 3: Late Night Expansion Pack";"PC";"2010";"Simulation";"Electronic Arts";1,71
1043;"Game Party 3";"Wii";"2009";"Puzzle";"Warner Bros. Interactive Entertainment";1,71
1045;"Deal or No Deal";"DS";"2007";"Misc";"Mindscape";1,71
1050;"Cabela's Big Game Hunter 2010";"Wii";"2009";"Sports";"Activision Value";1,7
1051;"The Crew";"PS4";"2014";"Racing";"Ubisoft";1,7
1052;"FIFA Soccer 10";"PS2";"2009";"Sports";"Electronic Arts";1,7
1053;"We Ski";"Wii";"2008";"Sports";"Namco Bandai Games";1,7
1054;"Personal Trainer: Math";"DS";"2007";"Puzzle";"Nintendo";1,7
1055;"Kirby's Return to Dreamland";"Wii";"2011";"Platform";"Nintendo";1,7
1057;"Ben 10: Protector of Earth";"DS";"2007";"Action";"D3Publisher";1,7
1060;"NBA 2K15";"XOne";"2014";"Sports";"Take-Two Interactive";1,69
1061;"Saints Row 2";"PS3";"2008";"Action";"THQ";1,69
1062;"Saints Row IV";"X360";"2013";"Action";"Deep Silver";1,69
1064;"Dragon Age: Origins";"PS3";"2009";"Role-Playing";"Electronic Arts";1,69
1065;"FIFA 16";"X360";"2015";"Sports";"Electronic Arts";1,69
1069;"Need For Speed: Undercover";"X360";"2008";"Racing";"Electronic Arts";1,69
1071;"Sid Meier's Civilization V";"PC";"2010";"Strategy";"Take-Two Interactive";1,69
1073;"Call of Duty Black Ops: Declassified";"PSV";"2012";"Action";"Activision";1,69
1074;"Star Wars Battlefront: Renegade Squadron";"PSP";"2007";"Shooter";"LucasArts";1,68
1077;"LEGO Batman 2: DC Super Heroes";"X360";"2012";"Action";"Warner Bros. Interactive Entertainment";1,68
1081;"Star Wars The Clone Wars: Lightsaber Duels";"Wii";"2008";"Action";"LucasArts";1,68
1082;"MySims";"Wii";"2007";"Simulation";"Electronic Arts";1,68
1084;"Shaun White Snowboarding: Road Trip";"Wii";"2008";"Sports";"Ubisoft";1,67
1086;"Big Beach Sports";"Wii";"2008";"Sports";"THQ";1,67
1089;"Knack";"PS4";"2013";"Platform";"Sony Computer Entertainment Europe";1,67
1094;"StarCraft II: Heart of the Swarm";"PC";"2013";"Strategy";"Activision";1,67
1099;"Dying Light";"PS4";"2015";"Action";"Warner Bros. Interactive Entertainment";1,66
1100;"Heavenly Sword";"PS3";"2007";"Action";"Sony Computer Entertainment";1,66
1103;"Max Payne 3";"X360";"2012";"Shooter";"Take-Two Interactive";1,66
1111;"Go Vacation";"Wii";"2011";"Misc";"Namco Bandai Games";1,65
1113;"Army of Two";"X360";"2008";"Shooter";"Electronic Arts";1,65
1114;"Dragon Quest IV: Chapters of the Chosen";"DS";"2007";"Role-Playing";"Square Enix";1,64
1116;"LEGO Pirates of the Caribbean: The Video Game";"Wii";"2011";"Action";"Disney Interactive Studios";1,64
1123;"Kinectimals";"X360";"2010";"Simulation";"Microsoft Game Studios";1,64
1124;"Until Dawn";"PS4";"2015";"Adventure";"Sony Computer Entertainment Europe";1,64
1129;"Sonic Generations";"PS3";"2011";"Platform";"Sega";1,63
1132;"NBA 2K15";"X360";"2014";"Sports";"Take-Two Interactive";1,63
1134;"Just Cause 2";"X360";"2010";"Action";"Square Enix";1,62
1137;"Rage";"X360";"2011";"Shooter";"Bethesda Softworks";1,62
1143;"Gears of War: Judgment";"X360";"2013";"Shooter";"Microsoft Game Studios";1,61
1148;"SpongeBob's Atlantis SquarePantis";"DS";"2007";"Action";"THQ";1,61
1149;"Far Cry 4";"XOne";"2014";"Shooter";"Ubisoft";1,61
1150;"Dance Dance Revolution: Hottest Party 2";"Wii";"2008";"Simulation";"Konami Digital Entertainment";1,6
1151;"Moshi Monsters: Moshling Zoo";"DS";"2011";"Misc";"Activision";1,6
1153;"Far Cry 2";"X360";"2008";"Action";"Ubisoft";1,6
1157;"Dragon Quest V: Hand of the Heavenly Bride";"DS";"2008";"Role-Playing";"Square Enix";1,6
1158;"No Man's Sky";"PS4";"2016";"Action";"Hello Games";1,6
1164;"Devil May Cry 4";"PS3";"2008";"Action";"Capcom";1,59
1166;"Pro Evolution Soccer 2008";"PS3";"2007";"Sports";"Konami Digital Entertainment";1,59
1167;"SoulCalibur IV";"X360";"2008";"Fighting";"Ubisoft";1,59
1168;"LEGO Harry Potter: Years 1-4";"X360";"2010";"Action";"Warner Bros. Interactive Entertainment";1,59
1170;"Wolfenstein: The New Order";"PS4";"2014";"Shooter";"Bethesda Softworks";1,58
1171;"Carnival Games: Mini Golf";"Wii";"2008";"Sports";"Take-Two Interactive";1,58
1172;"Guitar Hero: On Tour Decades";"DS";"2008";"Misc";"Activision";1,58
1173;"MySims Kingdom";"DS";"2008";"Simulation";"Electronic Arts";1,58
1175;"Need for Speed: Most Wanted";"X360";"2012";"Racing";"Electronic Arts";1,58
1176;"Guitar Hero 5";"Wii";"2009";"Misc";"Activision";1,58
1177;"High School Musical 3: Senior Year";"DS";"2008";"Misc";"Disney Interactive Studios";1,58
1178;"Kingdom Hearts 3D: Dream Drop Distance";"3DS";"2012";"Action";"Square Enix";1,58
1179;"Hannah Montana: Music Jam";"DS";"2007";"Action";"Disney Interactive Studios";1,58
1180;"Pokemon Mystery Dungeon: Explorers of Sky";"DS";"2009";"Role-Playing";"Nintendo";1,58
1182;"Pro Evolution Soccer 2010";"PS2";"2009";"Sports";"Konami Digital Entertainment";1,57
1186;"Pro Evolution Soccer 2013";"PS3";"2012";"Sports";"Konami Digital Entertainment";1,56
1191;"Dark Souls III";"PS4";"2016";"Role-Playing";"Namco Bandai Games";1,56
1195;"LEGO Marvel Super Heroes";"PS4";"2013";"Action";"Warner Bros. Interactive Entertainment";1,56
1196;"Mafia II";"X360";"2010";"Action";"Take-Two Interactive";1,55
1197;"Dishonored";"PS3";"2012";"Action";"Bethesda Softworks";1,55
1200;"Active Life: Outdoor Challenge";"Wii";"2008";"Sports";"Atari";1,55
1201;"BioShock 2";"PS3";"2010";"Shooter";"Take-Two Interactive";1,55
1204;"Watch Dogs";"XOne";"2014";"Action";"Ubisoft";1,55
1205;"Star Wars: The Force Unleashed II";"PS3";"2010";"Action";"LucasArts";1,55
1206;"Ni no Kuni: Wrath of the White Witch";"PS3";"2011";"Role-Playing";"Namco Bandai Games";1,55
1208;"LEGO Battles: Ninjago";"DS";"2011";"Strategy";"Warner Bros. Interactive Entertainment";1,55
1210;"Dead Rising 3";"XOne";"2013";"Action";"Microsoft Game Studios";1,54
1211;"Resident Evil: The Umbrella Chronicles";"Wii";"2007";"Action";"Capcom";1,54
1212;"Fire Emblem Fates";"3DS";"2015";"Role-Playing";"Nintendo";1,54
1216;"Disney Fairies: Tinker Bell";"DS";"2008";"Adventure";"Disney Interactive Studios";1,54
1219;"Call of Duty: Black Ops II";"PC";"2012";"Shooter";"Activision";1,53
1220;"Fight Night Round 4";"PS3";"2009";"Fighting";"Electronic Arts";1,53
1221;"MySims Kingdom";"Wii";"2008";"Simulation";"Electronic Arts";1,53
1222;"The Simpsons Game";"DS";"2007";"Action";"Electronic Arts";1,53
1225;"Call of Duty: Modern Warfare: Reflex Edition";"Wii";"2009";"Shooter";"Activision";1,53
1226;"FIFA 17";"XOne";"2016";"Sports";"Electronic Arts";1,53
1230;"Dead Space 2";"X360";"2011";"Shooter";"Electronic Arts";1,52
1231;"Sonic Rivals 2";"PSP";"2007";"Racing";"Sega";1,52
1239;"Mafia II";"PS3";"2010";"Action";"Take-Two Interactive";1,52
1243;"Madden NFL 15";"XOne";"2014";"Sports";"Electronic Arts";1,51
1244;"Sonic & Sega All-Stars Racing";"Wii";"2010";"Racing";"Sega";1,51
1245;"LEGO Star Wars III: The Clone Wars";"X360";"2011";"Action";"LucasArts";1,51
1246;"Football Manager 2012";"PC";"2011";"Sports";"Sega";1,51
1247;"Puzzle & Dragons";"3DS";"2013";"Role-Playing";"GungHo";1,51
1251;"The Simpsons Game";"PS2";"2007";"Action";"Electronic Arts";1,51
1254;"Resistance 3";"PS3";"2011";"Shooter";"Sony Computer Entertainment";1,5
1256;"Final Fantasy XIV: A Realm Reborn";"PC";"2010";"Role-Playing";"Square Enix";1,5
1259;"Super Scribblenauts";"DS";"2010";"Puzzle";"Warner Bros. Interactive Entertainment";1,5
1265;"Dead Rising 2";"X360";"2010";"Action";"Capcom";1,5
1266;"Rock Band 2";"PS3";"2008";"Misc";"MTV Games";1,5
1268;"Disney Sing It: Pop Hits";"Wii";"2009";"Misc";"Disney Interactive Studios";1,49
1271;"Madden NFL 09";"PS2";"2008";"Sports";"Electronic Arts";1,49
1272;"Drawn To Life: SpongeBob SquarePants Edition";"DS";"2008";"Adventure";"THQ";1,49
1275;"007: Quantum of Solace";"X360";"2008";"Action";"Activision";1,49
1276;"The Sims 3";"Wii";"2010";"Simulation";"Electronic Arts";1,49
1277;"New Play Control! Mario Power Tennis";"Wii";"2009";"Sports";"Nintendo";1,48
1283;"Mass Effect 2";"PS3";"2011";"Role-Playing";"Electronic Arts";1,48
1287;"Imagine: Master Chef";"DS";"2007";"Simulation";"Ubisoft";1,47
1288;"Assassin's Creed III: Liberation";"PSV";"2012";"Action";"Ubisoft";1,47
1289;"SoulCalibur IV";"PS3";"2008";"Fighting";"Ubisoft";1,47
1293;"Metal Gear Rising: Revengeance";"PS3";"2013";"Action";"Konami Digital Entertainment";1,47
1294;"Chrono Trigger";"DS";"2008";"Role-Playing";"Square Enix";1,47
1295;"Star Wars: The Force Unleashed II";"X360";"2010";"Action";"LucasArts";1,47
1296;"The House of the Dead 2 & 3 Return";"Wii";"2008";"Shooter";"Sega";1,47
1297;"Disney Princess: Magical Jewels";"DS";"2007";"Adventure";"Disney Interactive Studios";1,47
1298;"LittleBigPlanet PS Vita";"PSV";"2012";"Platform";"Sony Computer Entertainment";1,47
1301;"Tom Clancy's Ghost Recon: Future Soldier";"X360";"2012";"Shooter";"Ubisoft";1,46
1302;"Battlefield: Bad Company";"X360";"2008";"Shooter";"Electronic Arts";1,46
1304;"Wall-E";"DS";"2008";"Platform";"THQ";1,46
1306;"Homefront";"X360";"2011";"Shooter";"THQ";1,46
1311;"Mass Effect 3";"PS3";"2012";"Role-Playing";"Electronic Arts";1,46
1312;"LEGO Batman 2: DC Super Heroes";"Wii";"2012";"Action";"Warner Bros. Interactive Entertainment";1,46
1313;"Medal of Honor: Warfighter";"PS3";"2012";"Action";"Electronic Arts";1,46
1316;"LEGO City Undercover";"3DS";"2013";"Platform";"Nintendo";1,46
1318;"Diablo III";"X360";"2013";"Role-Playing";"Activision";1,45
1319;"Batman: Arkham Knight";"XOne";"2015";"Action";"Warner Bros. Interactive Entertainment";1,45
1320;"BioShock";"PS3";"2008";"Shooter";"Take-Two Interactive";1,45
1322;"Anno 2070";"PC";"2011";"Strategy";"Ubisoft";1,45
1324;"Smarty Pants";"Wii";"2007";"Misc";"Electronic Arts";1,45
1330;"Hasbro Family Game Night";"Wii";"2008";"Puzzle";"Electronic Arts";1,45
1331;"Dragon Quest Monsters: Joker 2";"DS";"2010";"Role-Playing";"Square Enix";1,45
1333;"My Word Coach";"DS";"2007";"Misc";"Ubisoft";1,45
1334;"Hello Kitty Party";"DS";"2007";"Misc";"Rising Star Games";1,44
1335;"SingStar Pop";"PS2";"2007";"Misc";"Sony Computer Entertainment";1,44
1337;"SimCity (2013)";"PC";"2013";"Simulation";"Electronic Arts";1,44
1339;"Far Cry 4";"PS3";"2014";"Shooter";"Ubisoft";1,44
1340;"WWE SmackDown vs Raw 2008";"X360";"2007";"Fighting";"THQ";1,44
1341;"Kinect Joy Ride";"X360";"2010";"Racing";"Microsoft Game Studios";1,44
1343;"Need for Speed Rivals";"PS3";"2013";"Racing";"Electronic Arts";1,44
1345;"Dead Space 2";"PS3";"2011";"Shooter";"Electronic Arts";1,44
1348;"Disney Infinity";"X360";"2013";"Action";"Disney Interactive Studios";1,43
1349;"LEGO Indiana Jones 2: The Adventure Continues";"Wii";"2009";"Action";"Activision";1,43
1350;"Sonic's Ultimate Genesis Collection";"X360";"2009";"Misc";"Sega";1,43
1351;"Tiger Woods PGA Tour 09 All-Play";"Wii";"2008";"Sports";"Electronic Arts";1,43
1355;"Dragon Quest VII: Warriors of Eden";"3DS";"2013";"Role-Playing";"Square Enix";1,42
1357;"UFC Undisputed 2010";"PS3";"2010";"Fighting";"THQ";1,42
1361;"Sonic Generations";"X360";"2011";"Platform";"Sega";1,42
1364;"Dead Space";"X360";"2008";"Action";"Electronic Arts";1,42
1366;"Inazuma Eleven 2";"DS";"2009";"Role-Playing";"Nintendo";1,42
1367;"Tomb Raider (2013)";"PS4";"2014";"Action";"Square Enix";1,41
1369;"Toy Story 3: The Video Game";"Wii";"2010";"Action";"Disney Interactive Studios";1,41
1370;"Fight Night Round 4";"X360";"2009";"Fighting";"Electronic Arts";1,41
1372;"Injustice: Gods Among Us";"X360";"2013";"Fighting";"Warner Bros. Interactive Entertainment";1,41
1373;"Madden NFL 15";"PS3";"2014";"Sports";"Electronic Arts";1,41
1376;"Metroid: Other M";"Wii";"2010";"Action";"Nintendo";1,41
1381;"Call of Duty: Black Ops";"Wii";"2010";"Shooter";"Activision";1,4
1383;"Need For Speed: Undercover";"PS2";"2008";"Racing";"Electronic Arts";1,4
1385;"Far Cry 2";"PS3";"2008";"Action";"Ubisoft";1,4
1388;"Battlefield 4";"PC";"2013";"Shooter";"Electronic Arts";1,4
1391;"Doom (2016)";"PS4";"2016";"Shooter";"Bethesda Softworks";1,39
1392;"Final Fantasy XII: Revenant Wings";"DS";"2007";"Role-Playing";"Square Enix";1,39
1393;"Bakugan: Battle Brawlers";"DS";"2009";"Action";"Activision";1,39
1394;"Deus Ex: Human Revolution";"PS3";"2011";"Shooter";"Square Enix";1,39
1398;"Hannah Montana: Spotlight World Tour";"Wii";"2007";"Action";"Disney Interactive Studios";1,39
1399;"WWE '13";"PS3";"2012";"Action";"THQ";1,39
1400;"Deus Ex: Human Revolution";"X360";"2011";"Shooter";"Square Enix";1,39
1404;"Bravely Default: Flying Fairy";"3DS";"2012";"Role-Playing";"Nintendo";1,38
1405;"Titanfall";"X360";"2014";"Shooter";"Electronic Arts";1,38
1407;"Persona 4: Golden";"PSV";"2012";"Role-Playing";"Atlus";1,38
1408;"Dead Rising 2";"PS3";"2010";"Action";"Capcom";1,38
1409;"Hasbro Family Game Night 2";"Wii";"2009";"Misc";"Electronic Arts";1,38
1410;"Disney Princess: Enchanted Journey";"Wii";"2007";"Adventure";"Disney Interactive Studios";1,38
1411;"Gardening Mama";"DS";"2009";"Puzzle";"505 Games";1,38
1413;"Need for Speed: The Run";"X360";"2011";"Action";"Electronic Arts";1,38
1414;"LEGO Indiana Jones: The Original Adventures";"PS2";"2008";"Action";"LucasArts";1,37
1415;"Assassin's Creed: Rogue";"PS3";"2014";"Action";"Ubisoft";1,37
1418;"Forza Horizon 2";"XOne";"2014";"Racing";"Microsoft Game Studios";1,37
1419;"MotorStorm: Pacific Rift";"PS3";"2008";"Racing";"Sony Computer Entertainment";1,37
1420;"Sonic Colors";"DS";"2010";"Platform";"Sega";1,37
1422;"LEGO Harry Potter: Years 1-4";"PS3";"2010";"Action";"Warner Bros. Interactive Entertainment";1,37
1424;"NBA 2K15";"PS3";"2014";"Sports";"Take-Two Interactive";1,36
1427;"Burnout Paradise";"X360";"2008";"Racing";"Electronic Arts";1,36
1428;"SingStar Abba";"PS2";"2008";"Misc";"Sony Computer Entertainment";1,36
1432;"Yoshi's New Island";"3DS";"2014";"Platform";"Nintendo";1,36
1433;"Ryse: Son of Rome";"XOne";"2013";"Action";"Microsoft Game Studios";1,36
1436;"Marvel vs. Capcom 3: Fate of Two Worlds";"PS3";"2011";"Fighting";"Capcom";1,35
1438;"F1 2010";"PS3";"2010";"Racing";"Codemasters";1,35
1440;"FIFA Soccer 09";"PSP";"2008";"Sports";"Electronic Arts";1,35
1441;"Namco Museum DS";"DS";"2007";"Misc";"Atari";1,35
1442;"FIFA Soccer 08";"PSP";"2007";"Sports";"Electronic Arts";1,35
1443;"Grand Theft Auto: Chinatown Wars";"DS";"2009";"Action";"Take-Two Interactive";1,35
1444;"Alan Wake";"X360";"2010";"Action";"Microsoft Game Studios";1,35
1445;"Battlefield: Bad Company";"PS3";"2008";"Shooter";"Electronic Arts";1,35
1446;"Mortal Kombat X";"XOne";"2015";"Fighting";"Warner Bros. Interactive Entertainment";1,35
1449;"Devil May Cry 4";"X360";"2008";"Action";"Capcom";1,35
1450;"Tom Clancy's Rainbow Six: Vegas 2";"PS3";"2008";"Shooter";"Ubisoft";1,35
1452;"Crysis 2";"X360";"2011";"Action";"Electronic Arts";1,35
1455;"FIFA Soccer 08";"X360";"2007";"Sports";"Electronic Arts";1,35
1456;"The ICO & Shadow of the Colossus Collection";"PS3";"2011";"Adventure";"Sony Computer Entertainment";1,35
1467;"WWE SmackDown vs Raw 2008";"PS3";"2007";"Fighting";"THQ";1,33
1469;"Your Shape: Fitness Evolved";"X360";"2010";"Sports";"Ubisoft";1,33
1470;"Rage";"PS3";"2011";"Shooter";"Bethesda Softworks";1,33
1471;"Skylanders SWAP Force";"X360";"2013";"Platform";"Activision";1,33
1472;"NBA 2K14";"PS4";"2013";"Sports";"Take-Two Interactive";1,33
1479;"UFC Undisputed 2010";"X360";"2010";"Fighting";"THQ";1,33
1480;"Final Fantasy X / X-2 HD Remaster";"PS3";"2013";"Role-Playing";"Square Enix";1,33
1482;"Petz Wild Animals: Dolphinz";"DS";"2007";"Simulation";"Ubisoft";1,33
1483;"Pokemon Ranger: Guardian Signs";"DS";"2010";"Role-Playing";"Nintendo";1,33
1484;"Middle-Earth: Shadow of Mordor";"XOne";"2014";"Action";"Warner Bros. Interactive Entertainment";1,32
1486;"LEGO Batman: The Videogame";"PS3";"2008";"Action";"Warner Bros. Interactive Entertainment";1,32
1487;"Dark Souls II";"PS3";"2014";"Role-Playing";"Namco Bandai Games";1,32
1488;"World of Warcraft: Wrath of the Lich King";"PC";"2008";"Role-Playing";"Activision";1,32
1489;"Kingdom Hearts II";"PS3";"2014";"Role-Playing";"Square Enix";1,32
1490;"The LEGO Movie Videogame";"X360";"2014";"Action";"Warner Bros. Interactive Entertainment";1,32
1496;"MAG: Massive Action Game";"PS3";"2010";"Shooter";"Sony Computer Entertainment";1,32
1498;"Cars 2";"DS";"2011";"Racing";"Disney Interactive Studios";1,32
1499;"Skylanders Giants";"X360";"2012";"Action";"Activision";1,32
1503;"The Beatles: Rock Band";"X360";"2009";"Misc";"MTV Games";1,31
1504;"Tekken 6";"X360";"2009";"Fighting";"Namco Bandai Games";1,31
1505;"[Prototype]";"X360";"2009";"Action";"Activision";1,31
1506;"Deal or No Deal";"Wii";"2009";"Misc";"Zoo Games";1,31
1509;"LEGO Battles";"DS";"2009";"Strategy";"Warner Bros. Interactive Entertainment";1,31
1512;"High School Musical 3: Senior Year DANCE!";"Wii";"2008";"Misc";"Disney Interactive Studios";1,31
1513;"Gold's Gym: Cardio Workout";"Wii";"2008";"Sports";"Ubisoft";1,31
1517;"Crysis 2";"PS3";"2011";"Action";"Electronic Arts";1,3
1519;"Saints Row IV";"PS3";"2013";"Action";"Deep Silver";1,3
1521;"EA Playground";"Wii";"2007";"Sports";"Electronic Arts";1,3
1524;"EA Sports Active 2";"Wii";"2010";"Sports";"Electronic Arts";1,3
1526;"Rise of the Tomb Raider";"XOne";"2015";"Adventure";"Square Enix";1,3
1530;"FIFA Street";"PS3";"2012";"Sports";"Electronic Arts";1,29
1533;"Tom Clancy's Rainbow Six: Siege";"XOne";"2015";"Shooter";"Ubisoft";1,29
1536;"Guitar Hero: Aerosmith";"Wii";"2008";"Misc";"Activision";1,29
1537;"Mystery Case Files: MillionHeir";"DS";"2008";"Adventure";"Nintendo";1,29
1538;"Valkyria Chronicles";"PS3";"2008";"Role-Playing";"Sega";1,29
1541;"Watch Dogs";"X360";"2014";"Action";"Ubisoft";1,28
1542;"Imagine: Wedding Designer";"DS";"2008";"Simulation";"Ubisoft";1,28
1543;"Metal Gear Solid V: Ground Zeroes";"PS4";"2014";"Action";"Konami Digital Entertainment";1,28
1545;"Assassin's Creed Syndicate";"XOne";"2015";"Action";"Ubisoft";1,28
1547;"WWE '13";"X360";"2012";"Action";"THQ";1,28
1550;"Kid Icarus: Uprising";"3DS";"2012";"Action";"Nintendo";1,28
1552;"Tomb Raider: Underworld";"PS3";"2008";"Action";"Eidos Interactive";1,27
1555;"LEGO Batman: The Videogame";"PS2";"2008";"Action";"Warner Bros. Interactive Entertainment";1,27
1557;"Pokemon Mystery Dungeon: Gates to Infinity";"3DS";"2012";"Role-Playing";"Nintendo";1,27
1559;"NBA 2K9";"X360";"2008";"Sports";"Take-Two Interactive";1,27
1560;"WWE '12";"X360";"2011";"Fighting";"THQ";1,27
1563;"The Elder Scrolls Online";"XOne";"2015";"Role-Playing";"Bethesda Softworks";1,27
1564;"Jillian Michaels' Fitness Ultimatum 2009";"Wii";"2008";"Sports";"Deep Silver";1,27
1566;"Rockstar Games presents Table Tennis";"Wii";"2007";"Sports";"Take-Two Interactive";1,27
1570;"Yokai Watch 3";"3DS";"2016";"Action";"Level 5";1,27
1571;"Kung Fu Panda";"DS";"2008";"Action";"Activision";1,26
1573;"Football Manager 2011";"PC";"2010";"Sports";"Sega";1,26
1575;"Final Fantasy IV";"DS";"2007";"Simulation";"Square Enix";1,26
1580;"Ratatouille";"DS";"2007";"Action";"THQ";1,26
1582;"LEGO The Lord of the Rings";"X360";"2012";"Action";"Warner Bros. Interactive Entertainment";1,26
1583;"Winter Sports: The Ultimate Challenge";"Wii";"2007";"Sports";"RTL";1,26
1584;"SOCOM: U.S. Navy SEALs Confrontation";"PS3";"2008";"Shooter";"Sony Computer Entertainment";1,25
1586;"Star Wars: The Force Unleashed";"PS2";"2008";"Action";"LucasArts";1,25
1588;"Tom Clancy's Rainbow Six: Vegas";"PS3";"2007";"Shooter";"Ubisoft";1,25
1592;"Injustice: Gods Among Us";"PS3";"2013";"Fighting";"Warner Bros. Interactive Entertainment";1,25
1601;"Transformers: Autobots / Decepticons";"DS";"2007";"Action";"Activision";1,24
1602;"Tales of Xillia";"PS3";"2011";"Role-Playing";"Namco Bandai Games";1,24
1603;"Diddy Kong Racing DS";"DS";"2007";"Racing";"Nintendo";1,24
1604;"[Prototype]";"PS3";"2009";"Action";"Activision";1,24
1605;"Assassin's Creed: Bloodlines";"PSP";"2009";"Action";"Ubisoft";1,24
1607;"The Witcher 3: Wild Hunt";"XOne";"2015";"Role-Playing";"Namco Bandai Games";1,24
1609;"WWE SmackDown vs. Raw 2009";"PS2";"2008";"Fighting";"THQ";1,24
1612;"Ben 10: Protector of Earth";"Wii";"2007";"Action";"D3Publisher";1,23
1614;"2010 FIFA World Cup South Africa";"PS3";"2010";"Sports";"Electronic Arts";1,23
1619;"Farming Simulator 2015";"PC";"2014";"Simulation";"Focus Home Interactive";1,23
1620;"Guitar Hero: Aerosmith";"X360";"2008";"Misc";"Activision";1,23
1621;"Medal of Honor: Airborne";"PS3";"2007";"Shooter";"Electronic Arts";1,23
1627;"Bayonetta";"PS3";"2009";"Action";"Sega";1,23
1630;"Madden NFL 17";"PS4";"2016";"Sports";"Electronic Arts";1,23
1631;"Boom Blox";"Wii";"2008";"Puzzle";"Electronic Arts";1,23
1632;"Fallout 4";"PC";"2015";"Role-Playing";"Bethesda Softworks";1,23
1633;"The Sims 2: Castaway";"Wii";"2007";"Simulation";"Electronic Arts";1,23
1634;"LEGO Batman 2: DC Super Heroes";"PS3";"2012";"Action";"Warner Bros. Interactive Entertainment";1,22
1635;"Naruto Shippuden: Ultimate Ninja Storm 2";"PS3";"2010";"Fighting";"Namco Bandai Games";1,22
1642;"F1 2011";"PS3";"2011";"Racing";"Codemasters";1,22
1652;"Super Street Fighter IV: 3D Edition";"3DS";"2011";"Fighting";"Capcom";1,22
1656;"FIFA Soccer 11";"PSP";"2010";"Sports";"Electronic Arts";1,21
1658;"LEGO Indiana Jones 2: The Adventure Continues";"DS";"2009";"Action";"Activision";1,21
1669;"LEGO Star Wars III: The Clone Wars";"PS3";"2011";"Action";"LucasArts";1,2
1672;"Just Dance 2016";"Wii";"2015";"Misc";"Ubisoft";1,2
1673;"Disney Sing It";"Wii";"2008";"Misc";"Disney Interactive Studios";1,2
1674;"Battlefield: Hardline";"XOne";"2015";"Shooter";"Electronic Arts";1,2
1675;"WWE 2K16";"PS4";"2015";"Sports";"Take-Two Interactive";1,2
1684;"Pok√©Park Wii: Pikachu's Adventure";"Wii";"2009";"Adventure";"Nintendo";1,2
1685;"One Piece: Pirate Warriors";"PS3";"2012";"Action";"Namco Bandai Games";1,2
1686;"WWE 2K14";"PS3";"2013";"Sports";"Take-Two Interactive";1,19
1690;"WWE SmackDown vs Raw 2008";"PSP";"2007";"Fighting";"THQ";1,19
1692;"Pro Evolution Soccer 2008";"Wii";"2008";"Sports";"Konami Digital Entertainment";1,19
1694;"Mario & Sonic at the London 2012 Olympic Games";"3DS";"2012";"Sports";"Sega";1,19
1700;"FIFA 14";"XOne";"2013";"Sports";"Electronic Arts";1,19
1703;"NBA 2K17";"PS4";"2016";"Sports";"Take-Two Interactive";1,19
1704;"Pokemon Super Mystery Dungeon";"3DS";"2015";"Role-Playing";"Nintendo";1,19
1705;"Just Dance 4";"X360";"2012";"Misc";"Ubisoft";1,19
1708;"Resident Evil: Operation Raccoon City";"PS3";"2012";"Action";"Capcom";1,18
1709;"LEGO Indiana Jones: The Original Adventures";"PSP";"2008";"Action";"LucasArts";1,18
1714;"WWE '12";"PS3";"2011";"Fighting";"THQ";1,18
1715;"WWE SmackDown vs. Raw 2010";"PS3";"2009";"Fighting";"THQ";1,18
1716;"Plants vs. Zombies";"DS";"2011";"Strategy";"Mastertronic";1,18
1719;"Spore";"PC";"2008";"Strategy";"Electronic Arts";1,17
1721;"Your Shape: Fitness Evolved 2012";"X360";"2011";"Sports";"Ubisoft";1,17
1722;"Army of Two";"PS3";"2008";"Shooter";"Electronic Arts";1,17
1725;"Wario Land: Shake It!";"Wii";"2008";"Platform";"Nintendo";1,17
1726;"Sonic Rush Adventure";"DS";"2007";"Platform";"Sega";1,17
1727;"Medal of Honor: Warfighter";"X360";"2012";"Action";"Electronic Arts";1,17
1729;"Ratchet & Clank (2016)";"PS4";"2016";"Platform";"Sony Computer Entertainment";1,17
1736;"Football Manager 2013";"PC";"2012";"Sports";"Sega";1,17
1738;"Mirror's Edge";"X360";"2008";"Platform";"Electronic Arts";1,17
1739;"Destiny: The Taken King";"XOne";"2015";"Shooter";"Activision";1,17
1741;"007: Quantum of Solace";"PS3";"2008";"Action";"Activision";1,16
1742;"EA Sports Active: More Workouts";"Wii";"2009";"Sports";"Electronic Arts";1,16
1743;"Fallout: New Vegas";"PC";"2010";"Role-Playing";"Bethesda Softworks";1,16
1744;"Need for Speed: Most Wanted";"PSV";"2012";"Racing";"Electronic Arts";1,16
1745;"Final Fantasy Tactics: The War of the Lions";"PSP";"2007";"Role-Playing";"Square Enix";1,16
1748;"SingStar";"PS3";"2007";"Misc";"Sony Computer Entertainment";1,16
1750;"LEGO Star Wars III: The Clone Wars";"DS";"2011";"Action";"LucasArts";1,16
1757;"Medal of Honor Heroes 2";"PSP";"2007";"Shooter";"Electronic Arts";1,16
1758;"Sniper: Ghost Warrior";"X360";"2010";"Shooter";"City Interactive";1,16
1759;"Rocksmith";"PS3";"2011";"Misc";"Ubisoft";1,16
1761;"FIFA Soccer 10";"PSP";"2009";"Sports";"Electronic Arts";1,16
1762;"Plants vs. Zombies: Garden Warfare";"X360";"2014";"Shooter";"Electronic Arts";1,16
1763;"Worldwide Soccer Manager 2009";"PC";"2008";"Simulation";"Sega";1,15
1764;"Omerta: City of Gangsters";"PS3";"2011";"Simulation";"Konami Digital Entertainment";1,15
1766;"Ninja Gaiden Sigma";"PS3";"2007";"Action";"Eidos Interactive";1,15
1769;"Red Dead Redemption: Undead Nightmare";"PS3";"2010";"Action";"Take-Two Interactive";1,15
1770;"Sonic and the Black Knight";"Wii";"2009";"Platform";"Sega";1,15
1771;"Call of Duty 4: Modern Warfare";"PC";"2007";"Shooter";"Activision";1,15
1775;"High School Musical 2: Work This Out!";"DS";"2008";"Misc";"Disney Interactive Studios";1,15
1776;"Ratchet & Clank: All 4 One";"PS3";"2011";"Platform";"Sony Computer Entertainment";1,15
1778;"Fight Night Champion";"PS3";"2011";"Fighting";"Electronic Arts";1,15
1783;"Pokemon Rumble Blast";"3DS";"2011";"Action";"Nintendo";1,14
1788;"Hot Shots Golf: Out of Bounds";"PS3";"2007";"Sports";"Sony Computer Entertainment";1,14
1790;"Mirror's Edge";"PS3";"2008";"Platform";"Electronic Arts";1,14
1791;"Rabbids Go Home";"Wii";"2009";"Platform";"Ubisoft";1,14
1800;"Guitar Hero 5";"X360";"2009";"Misc";"Activision";1,14
1804;"ModNation Racers";"PS3";"2010";"Racing";"Sony Computer Entertainment";1,13
1805;"LEGO Star Wars III: The Clone Wars";"3DS";"2011";"Action";"LucasArts";1,13
1808;"Fantasy Life";"3DS";"2012";"Role-Playing";"Nintendo";1,13
1810;"WWE 2K15";"PS4";"2014";"Sports";"Take-Two Interactive";1,13
1813;"WWE 2K14";"X360";"2013";"Sports";"Take-Two Interactive";1,13
1814;"Alien: Isolation";"PS4";"2014";"Shooter";"Sega";1,13
1815;"Yakuza 3";"PS3";"2009";"Action";"Sega";1,13
1817;"The Beatles: Rock Band";"PS3";"2009";"Misc";"MTV Games";1,13
1818;"Dragon Age II";"X360";"2011";"Action";"Electronic Arts";1,12
1822;"Crackdown 2";"X360";"2010";"Shooter";"Microsoft Game Studios";1,12
1823;"Final Fantasy XIV: A Realm Reborn";"PS3";"2013";"Role-Playing";"Square Enix";1,12
1824;"Castlevania: Lords of Shadow";"PS3";"2010";"Action";"Konami Digital Entertainment";1,12
1825;"Rocksmith";"X360";"2011";"Misc";"Ubisoft";1,12
1826;"Disney Infinity 2.0: Marvel Super Heroes";"X360";"2014";"Action";"Disney Interactive Studios";1,12
1830;"Guitar Hero 5";"PS2";"2009";"Misc";"Activision";1,12
1831;"Worldwide Soccer Manager 2008";"PC";"2007";"Sports";"Russel";1,12
1834;"Mad Max (2015)";"PS4";"2015";"Action";"Warner Bros. Interactive Entertainment";1,11
1835;"Transformers: The Game (XBox 360, PS2, PS3, Wii & PC Versions)";"PS2";"2007";"Action";"Activision";1,11
1836;"GRID";"PS3";"2008";"Racing";"Codemasters";1,11
1837;"Guitar Hero Encore: Rocks The 80s";"PS2";"2007";"Misc";"RedOctane";1,11
1838;"Sunset Overdrive";"XOne";"2014";"Shooter";"Microsoft Game Studios";1,11
1844;"Need for Speed: ProStreet";"Wii";"2007";"Racing";"Electronic Arts";1,11
1848;"Toy Story 3: The Video Game";"PS3";"2010";"Action";"Disney Interactive Studios";1,11
1849;"Guitar Hero 5";"PS3";"2009";"Misc";"Activision";1,1
1851;"Medal of Honor: Airborne";"X360";"2007";"Shooter";"Electronic Arts";1,1
1852;"The Legend of Zelda: Tri Force Heroes";"3DS";"2015";"Action";"Nintendo";1,1
1855;"LEGO The Lord of the Rings";"PS3";"2012";"Action";"Warner Bros. Interactive Entertainment";1,1
1856;"Petz Dogz 2";"DS";"2007";"Simulation";"Ubisoft";1,1
1857;"WWE SmackDown vs. Raw 2011";"PS3";"2010";"Fighting";"THQ";1,1
1864;"NERF N-Strike";"Wii";"2008";"Shooter";"Electronic Arts";1,1
1871;"Lightning Returns: Final Fantasy XIII";"PS3";"2013";"Role-Playing";"Square Enix";1,1
1872;"Star Wars: The Force Unleashed";"PSP";"2008";"Action";"LucasArts";1,09
1873;"Imagine: Babysitters";"DS";"2008";"Simulation";"Ubisoft";1,09
1874;"The Simpsons Game";"PSP";"2007";"Action";"Electronic Arts";1,09
1876;"Skate 2";"X360";"2009";"Sports";"Electronic Arts";1,09
1878;"Virtua Fighter 5";"PS3";"2007";"Fighting";"Sega";1,09
1884;"Empire: Total War";"PC";"2009";"Strategy";"Sega";1,09
1886;"Tiger Woods PGA Tour 10";"Wii";"2009";"Sports";"Electronic Arts";1,09
1889;"Dante's Inferno";"PS3";"2010";"Action";"Electronic Arts";1,09
1890;"Sonic & Sega All-Stars Racing";"DS";"2010";"Racing";"Sega";1,09
1891;"Skylanders Giants";"PS3";"2012";"Action";"Activision";1,09
1892;"Endless Ocean";"Wii";"2007";"Adventure";"Nintendo";1,09
1894;"Sonic Free Riders";"X360";"2010";"Racing";"Sega";1,09
1896;"Prince of Persia";"PS3";"2008";"Action";"Ubisoft";1,08
1898;"Grand Theft Auto V";"PC";"2015";"Action";"Take-Two Interactive";1,08
1899;"The Biggest Loser";"Wii";"2009";"Sports";"THQ";1,08
1901;"MySims Agents";"DS";"2009";"Adventure";"Electronic Arts";1,08
1902;"Resident Evil: The Darkside Chronicles";"Wii";"2009";"Action";"Capcom";1,08
1903;"NCAA Football 13";"X360";"2012";"Action";"Electronic Arts";1,08
1904;"Grand Theft Auto: Chinatown Wars";"PSP";"2009";"Action";"Take-Two Interactive";1,08
1905;"FIFA Soccer 11";"Wii";"2010";"Sports";"Electronic Arts";1,08
1906;"The Orange Box";"PS3";"2007";"Shooter";"Electronic Arts";1,08
1908;"Tomb Raider: Underworld";"X360";"2008";"Action";"Eidos Interactive";1,08
1910;"DiRT 3";"PS3";"2011";"Racing";"Codemasters";1,08
1912;"Spore Creatures";"DS";"2008";"Simulation";"Electronic Arts";1,08
1917;"Naruto: Ultimate Ninja Storm";"PS3";"2008";"Fighting";"Namco Bandai Games";1,08
1918;"Marvel vs. Capcom 3: Fate of Two Worlds";"X360";"2011";"Fighting";"Capcom";1,08
1919;"NCAA Football 14";"X360";"2013";"Sports";"Electronic Arts";1,07
1922;"Imagine: Fashion Designer New York";"DS";"2008";"Simulation";"Ubisoft";1,07
1923;"Red Dead Redemption: Undead Nightmare";"X360";"2010";"Action";"Take-Two Interactive";1,07
1924;"Bully: Scholarship Edition";"X360";"2008";"Action";"Take-Two Interactive";1,07
1927;"WWE SmackDown vs. Raw 2010";"PS2";"2009";"Fighting";"THQ";1,07
1928;"Pro Evolution Soccer 2008";"X360";"2007";"Sports";"Konami Digital Entertainment";1,07
1932;"Skylanders SWAP Force";"PS3";"2013";"Platform";"Activision";1,07
1933;"F1 2012";"PS3";"2012";"Racing";"Codemasters";1,07
1935;"Disney Universe";"Wii";"2011";"Action";"Disney Interactive Studios";1,07
1937;"LEGO Pirates of the Caribbean: The Video Game";"X360";"2011";"Action";"Disney Interactive Studios";1,07
1941;"Aliens vs Predator";"X360";"2010";"Shooter";"Sega";1,06
1943;"Junior Brain Trainer";"DS";"2008";"Misc";"GSP";1,06
1944;"Darksiders";"X360";"2010";"Action";"THQ";1,06
1945;"DiRT";"PS3";"2007";"Racing";"Codemasters";1,06
1946;"Call of Duty 4: Modern Warfare";"DS";"2007";"Shooter";"Activision";1,06
1948;"Sega Superstars Tennis";"Wii";"2008";"Sports";"Sega";1,06
1950;"Sleeping Dogs";"PS3";"2012";"Action";"Square Enix";1,06
1951;"Mercenaries 2: World in Flames";"X360";"2008";"Shooter";"Electronic Arts";1,06
1954;"LEGO Indiana Jones: The Original Adventures";"PS3";"2008";"Action";"Activision";1,06
1957;"DJ Hero";"X360";"2009";"Misc";"Activision";1,06
1958;"Dora the Explorer: Dora Saves the Mermaids";"DS";"2007";"Platform";"Take-Two Interactive";1,06
1960;"Naruto Shippuden: Ultimate Ninja Storm 4";"PS4";"2016";"Fighting";"Namco Bandai Games";1,06
1962;"Virtua Tennis 3";"PS3";"2007";"Sports";"Sega";1,06
1964;"Warhawk";"PS3";"2007";"Simulation";"Sony Computer Entertainment";1,06
1965;"Apollo Justice: Ace Attorney";"DS";"2007";"Adventure";"Capcom";1,06
1966;"Assassin's Creed: Rogue";"X360";"2014";"Action";"Ubisoft";1,05
1969;"Skylanders: Trap Team";"Wii";"2014";"Action";"Activision";1,05
1970;"Aliens vs Predator";"PS3";"2010";"Shooter";"Sega";1,05
1972;"Dance on Broadway";"Wii";"2010";"Misc";"Ubisoft";1,05
1977;"UFC Undisputed 3";"PS3";"2012";"Action";"THQ";1,05
1979;"Dragon Ball: XenoVerse";"PS4";"2015";"Fighting";"Namco Bandai Games";1,05
1982;"Imagine: Animal Doctor";"DS";"2007";"Simulation";"Ubisoft";1,05
1983;"WWE SmackDown vs. Raw 2010";"X360";"2009";"Fighting";"THQ";1,05
1986;"MySims Agents";"Wii";"2009";"Adventure";"Electronic Arts";1,05
1988;"Pokemon Conquest";"DS";"2012";"Role-Playing";"Nintendo";1,05
1989;"The Simpsons Game";"X360";"2007";"Action";"Electronic Arts";1,05
1990;"Guinness World Records: The Videogame";"Wii";"2008";"Action";"Warner Bros. Interactive Entertainment";1,04
1993;"Dragon Ball Z: Budokai Tenkaichi 3";"Wii";"2007";"Fighting";"Atari";1,04
1994;"Disney Tangled";"DS";"2010";"Action";"Disney Interactive Studios";1,04
1997;"Disney Fairies: Tinker Bell and the Lost Treasure";"DS";"2009";"Adventure";"Disney Interactive Studios";1,04
2001;"Brink";"X360";"2011";"Shooter";"Bethesda Softworks";1,04
2005;"LEGO Indiana Jones 2: The Adventure Continues";"X360";"2009";"Action";"Activision";1,04
2006;"Project CARS";"PS4";"2015";"Racing";"Slightly Mad Studios";1,04
2008;"Kirby: Mass Attack";"DS";"2011";"Platform";"Nintendo";1,04
2009;"LEGO Marvel Super Heroes";"XOne";"2013";"Action";"Warner Bros. Interactive Entertainment";1,04
2010;"ZhuZhu Pets";"DS";"2010";"Simulation";"Activision";1,04
2011;"Tom Clancy's Ghost Recon Advanced Warfighter 2";"PS3";"2007";"Shooter";"Ubisoft";1,04
2012;"MotorStorm: Arctic Edge";"PSP";"2009";"Racing";"Sony Computer Entertainment";1,04
2014;"EA Sports UFC";"PS4";"2014";"Sports";"Electronic Arts";1,04
2016;"Sonic Unleashed";"PS3";"2008";"Platform";"Sega";1,03
2017;"Tiger Woods PGA Tour 08";"Wii";"2007";"Sports";"Electronic Arts";1,03
2018;"Rayman Origins";"PS3";"2011";"Platform";"Ubisoft";1,03
2019;"Epic Mickey 2: The Power of Two";"Wii";"2012";"Action";"Disney Interactive Studios";1,03
2023;"The Simpsons Game";"Wii";"2007";"Action";"Electronic Arts";1,03
2025;"Rock Band 2";"Wii";"2008";"Misc";"MTV Games";1,03
2027;"Bulletstorm";"X360";"2011";"Shooter";"Electronic Arts";1,02
2028;"FIFA Soccer 08";"Wii";"2007";"Sports";"Electronic Arts";1,02
2029;"Naruto: Clash of Ninja Revolution";"Wii";"2007";"Fighting";"Tomy Corporation";1,02
2030;"Tom Clancy's Ghost Recon Advanced Warfighter 2";"X360";"2007";"Shooter";"Ubisoft";1,02
2033;"Petz: Catz 2";"DS";"2007";"Simulation";"Ubisoft";1,02
2034;"Tales of Graces f";"PS3";"2010";"Role-Playing";"Namco Bandai Games";1,02
2036;"Wall-E";"Wii";"2008";"Platform";"THQ";1,02
2038;"Ace Combat 6: Fires of Liberation";"X360";"2007";"Simulation";"Atari";1,02
2040;"Disney Infinity 2.0: Marvel Super Heroes";"PS3";"2014";"Action";"Disney Interactive Studios";1,02
2044;"Prince of Persia";"X360";"2008";"Action";"Ubisoft";1,01
2045;"God of War: Ghost of Sparta";"PSP";"2010";"Action";"Sony Computer Entertainment";1,01
2046;"Sonic Generations";"3DS";"2011";"Platform";"Sega";1,01
2047;"Ninja Gaiden II";"X360";"2008";"Action";"Tecmo Koei";1,01
2050;"Guitar Hero: Warriors of Rock";"Wii";"2010";"Misc";"Activision";1,01
2053;"The LEGO Movie Videogame";"PS3";"2014";"Action";"Warner Bros. Interactive Entertainment";1,01
2054;"DiRT 2";"PS3";"2009";"Racing";"Codemasters";1,01
2055;"Rayman Legends";"PS4";"2014";"Platform";"Ubisoft";1,01
2056;"NERF N-Strike Elite";"Wii";"2009";"Shooter";"Electronic Arts";1
2059;"PES 2009: Pro Evolution Soccer";"X360";"2008";"Sports";"Konami Digital Entertainment";1
2067;"Haze";"PS3";"2008";"Shooter";"Ubisoft";1
2068;"UFC Undisputed 3";"X360";"2012";"Action";"THQ";1
2072;"Killzone: Mercenary";"PSV";"2013";"Shooter";"Sony Computer Entertainment Europe";1
2076;"Rocksmith 2014";"PS3";"2013";"Misc";"Ubisoft";1
2077;"Dead Space 3";"PS3";"2013";"Action";"Electronic Arts";1
2078;"Wheel of Fortune";"Wii";"2010";"Misc";"THQ";1
2079;"Disney Infinity";"PS3";"2013";"Action";"Disney Interactive Studios";1
2080;"Dark Souls";"X360";"2011";"Role-Playing";"Namco Bandai Games";1
2081;"Puzzler Collection";"DS";"2008";"Puzzle";"Ubisoft";1
2083;"Dead Space 3";"X360";"2013";"Action";"Electronic Arts";0,99
2087;"Littlest Pet Shop: Winter";"DS";"2008";"Simulation";"Electronic Arts";0,99
2089;"Tom Clancy's Splinter Cell: Blacklist";"X360";"2013";"Action";"Ubisoft";0,99
2091;"NCAA Football 12";"X360";"2011";"Sports";"Electronic Arts";0,99
2092;"LEGO Pirates of the Caribbean: The Video Game";"PS3";"2011";"Action";"Disney Interactive Studios";0,99
2093;"Band Hero";"Wii";"2009";"Misc";"Activision";0,99
2094;"Cars: Race-O-Rama";"Wii";"2009";"Racing";"THQ";0,99
2096;"EyePet";"PS3";"2009";"Simulation";"Sony Computer Entertainment";0,99
2097;"Scooby-Doo! First Frights";"Wii";"2009";"Action";"Warner Bros. Interactive Entertainment";0,99
2098;"Midnight Club: LA Remix";"PSP";"2008";"Racing";"Take-Two Interactive";0,99
2100;"Guitar Hero: Aerosmith";"PS3";"2008";"Misc";"Activision";0,99
2101;"WWE SmackDown vs Raw 2008";"Wii";"2007";"Fighting";"THQ";0,99
2102;"FIFA Soccer 10";"Wii";"2009";"Sports";"Electronic Arts";0,99
2104;"Farming Simulator 2013";"PC";"2012";"Simulation";"Focus Home Interactive";0,99
2105;"Fallout 3";"PC";"2008";"Role-Playing";"Bethesda Softworks";0,99
2107;"Pro Evolution Soccer 2008";"PSP";"2008";"Sports";"Konami Digital Entertainment";0,98
2108;"Far Cry 3";"PC";"2012";"Shooter";"Ubisoft";0,98
2109;"Xenoblade Chronicles";"Wii";"2010";"Role-Playing";"Nintendo";0,98
2110;"Just Dance 2014";"X360";"2013";"Misc";"Ubisoft";0,98
2112;"Sonic & Sega All-Stars Racing";"PS3";"2010";"Racing";"Sega";0,98
2117;"Kingdom Hearts Re:coded";"DS";"2010";"Role-Playing";"Square Enix";0,98
2118;"South Park: The Stick of Truth";"PS3";"2014";"Role-Playing";"Ubisoft";0,98
2119;"Driver: San Francisco";"PS3";"2011";"Racing";"Ubisoft";0,98
2120;"Sniper Elite V2";"PS3";"2012";"Shooter";"505 Games";0,98
2121;"Far Cry 4";"X360";"2014";"Shooter";"Ubisoft";0,98
2123;"Tom Clancy's Splinter Cell: Blacklist";"PS3";"2013";"Action";"Ubisoft";0,98
2124;"Pro Evolution Soccer 2014";"PS3";"2013";"Action";"Konami Digital Entertainment";0,98
2125;"Madden NFL 16";"X360";"2015";"Sports";"Electronic Arts";0,98
2126;"Madden NFL 10";"PS2";"2009";"Sports";"Electronic Arts";0,98
2127;"Brutal Legend";"X360";"2009";"Action";"Electronic Arts";0,98
2129;"Final Fantasy Type-0";"PS4";"2015";"Role-Playing";"Square Enix";0,97
2130;"Madden NFL 08";"PS3";"2007";"Sports";"Electronic Arts";0,97
2131;"de Blob";"Wii";"2008";"Platform";"THQ";0,97
2133;"Mass Effect 3";"PC";"2012";"Role-Playing";"Electronic Arts";0,97
2134;"NBA 2K10";"X360";"2009";"Sports";"Take-Two Interactive";0,97
2137;"Skylanders: Spyro's Adventure";"X360";"2011";"Action";"Activision";0,97
2138;"Club Penguin: Game Day!";"Wii";"2010";"Sports";"Disney Interactive Studios";0,97
2140;"Grand Theft Auto: Vice City Stories";"PS2";"2007";"Action";"Take-Two Interactive";0,97
2141;"NBA 2K16";"X360";"2015";"Sports";"Take-Two Interactive";0,97
2143;"LEGO The Lord of the Rings";"Wii";"2012";"Action";"Warner Bros. Interactive Entertainment";0,97
2148;"Final Fantasy X / X-2 HD Remaster";"PSV";"2013";"Role-Playing";"Square Enix";0,97
2153;"PlayStation All-Stars Battle Royale";"PS3";"2012";"Action";"Sony Computer Entertainment";0,96
2155;"Monster High: Ghoul Spirit";"DS";"2011";"Misc";"THQ";0,96
2156;"Dragon Quest X";"Wii";"2012";"Role-Playing";"Square Enix";0,96
2157;"LEGO Pirates of the Caribbean: The Video Game";"DS";"2011";"Action";"Disney Interactive Studios";0,96
2161;"Sonic Unleashed";"X360";"2008";"Platform";"Sega";0,96
2162;"Lost Planet 2";"PS3";"2010";"Shooter";"Capcom";0,96
2164;"Dragon Quest Monsters: Terry's Wonderland 3D";"3DS";"2012";"Role-Playing";"Square Enix";0,96
2165;"My Weight Loss Coach";"DS";"2008";"Sports";"Ubisoft";0,96
2166;"Tom Clancy's Ghost Recon: Future Soldier";"PS3";"2012";"Shooter";"Ubisoft";0,96
2170;"The Witcher 2: Assassins of Kings";"PC";"2011";"Action";"Namco Bandai Games";0,96
2171;"PilotWings Resort";"3DS";"2011";"Simulation";"Nintendo";0,96
2172;"Naruto Shippuden: Ultimate Ninja Storm 3";"PS3";"2013";"Fighting";"Namco Bandai Games";0,96
2173;"LEGO Jurassic World";"X360";"2015";"Action";"Warner Bros. Interactive Entertainment";0,95
2179;"South Park: The Stick of Truth";"X360";"2014";"Role-Playing";"Ubisoft";0,95
2180;"Ben 10: Alien Force";"DS";"2008";"Action";"Koch Media";0,95
2181;"SingStar Abba";"PS3";"2008";"Misc";"Sony Computer Entertainment";0,95
2182;"Cars 2";"Wii";"2011";"Racing";"Disney Interactive Studios";0,95
2187;"Brutal Legend";"PS3";"2009";"Action";"Electronic Arts";0,95
2188;"Skylanders: Spyro's Adventure";"PS3";"2011";"Action";"Activision";0,95
2189;"Guitar Hero: Metallica";"Wii";"2009";"Misc";"Activision";0,95
2190;"Evolve";"PS4";"2015";"Shooter";"Take-Two Interactive";0,95
2191;"WWE SmackDown vs. Raw 2009";"PS3";"2008";"Fighting";"THQ";0,95
2192;"Army of Two: The 40th Day";"X360";"2010";"Shooter";"Electronic Arts";0,95
2193;"Tony Hawk: RIDE";"Wii";"2009";"Sports";"Activision";0,95
2194;"Lego Batman 3: Beyond Gotham";"X360";"2014";"Action";"Warner Bros. Interactive Entertainment";0,95
2195;"Wii Play: Motion";"Wii";"2011";"Misc";"Nintendo";0,95
2197;"The Tomb Raider Trilogy";"PS3";"2011";"Action";"Square Enix";0,94
2199;"Star Fox 64 3D";"3DS";"2011";"Shooter";"Nintendo";0,94
2201;"Rocksmith 2014";"X360";"2013";"Misc";"Ubisoft";0,94
2204;"Assassin's Creed III";"PC";"2012";"Action";"Ubisoft";0,94
2206;"Mario Tennis Open";"3DS";"2012";"Sports";"Nintendo";0,94
2207;"The Witcher 2: Assassins of Kings";"X360";"2012";"Action";"Namco Bandai Games";0,94
2208;"Bayonetta";"X360";"2009";"Action";"Sega";0,94
2212;"NCAA Football 10";"X360";"2009";"Sports";"Electronic Arts";0,94
2217;"Phantasy Star Portable";"PSP";"2008";"Role-Playing";"Sega";0,94
2221;"Operation Flashpoint: Dragon Rising";"X360";"2009";"Shooter";"Codemasters";0,93
2222;"Nickelodeon Fit";"Wii";"2010";"Sports";"Take-Two Interactive";0,93
2223;"Buzz! Quiz World";"PS3";"2009";"Misc";"Sony Computer Entertainment";0,93
2226;"Borderlands 2";"PC";"2012";"Shooter";"Take-Two Interactive";0,93
2227;"EA Sports Grand Slam Tennis";"Wii";"2009";"Sports";"Electronic Arts";0,93
2228;"White Knight Chronicles: International Edition";"PS3";"2008";"Role-Playing";"Sony Computer Entertainment";0,93
2229;"SSX";"PS3";"2012";"Sports";"Electronic Arts";0,93
2230;"Sonic Riders: Zero Gravity";"Wii";"2008";"Racing";"Sega";0,93
2231;"LEGO Jurassic World";"PS3";"2015";"Action";"Warner Bros. Interactive Entertainment";0,93
2232;"Build-A-Bear Workshop";"DS";"2007";"Simulation";"Game Factory";0,93
2239;"MLB 07: The Show";"PS2";"2007";"Sports";"Sony Computer Entertainment";0,93
2240;"Skylanders: Trap Team";"X360";"2014";"Action";"Activision";0,93
2242;"Brothers in Arms: Hell's Highway";"PS3";"2008";"Shooter";"Ubisoft";0,93
2243;"Inazuma Eleven 3";"DS";"2010";"Role-Playing";"Level 5";0,93
2250;"NCAA Football 11";"X360";"2010";"Sports";"Electronic Arts";0,92
2252;"FIFA Street";"X360";"2012";"Sports";"Electronic Arts";0,92
2253;"EA Sports Active 2";"PS3";"2010";"Sports";"Electronic Arts";0,92
2255;"WWE SmackDown vs. Raw 2009";"X360";"2008";"Fighting";"THQ";0,92
2256;"Dante's Inferno";"X360";"2010";"Action";"Electronic Arts";0,92
2257;"Wipeout: In The Zone";"X360";"2011";"Misc";"Activision";0,92
2259;"Kung Fu Panda";"Wii";"2008";"Action";"Activision";0,92
2262;"Assassin's Creed";"PC";"2008";"Adventure";"Ubisoft";0,92
2263;"Disney Magical World";"3DS";"2013";"Adventure";"Nintendo";0,92
2264;"Crysis 3";"X360";"2013";"Shooter";"Electronic Arts";0,92
2265;"Lego Batman 3: Beyond Gotham";"PS4";"2014";"Action";"Warner Bros. Interactive Entertainment";0,92
2266;"Dynasty Warriors 7";"PS3";"2011";"Action";"Tecmo Koei";0,92
2267;"The Evil Within";"PS3";"2014";"Action";"Bethesda Softworks";0,92
2268;"MLB 12: The Show";"PS3";"2012";"Sports";"Sony Computer Entertainment";0,92
2272;"Lost Odyssey";"X360";"2007";"Role-Playing";"Microsoft Game Studios";0,92
2273;"MLB 15: The Show";"PS4";"2015";"Sports";"Sony Computer Entertainment";0,92
2274;"Operation Flashpoint: Dragon Rising";"PS3";"2009";"Shooter";"Codemasters";0,92
2275;"Homefront";"PS3";"2011";"Shooter";"THQ";0,91
2276;"AMF Bowling Pinbusters!";"Wii";"2007";"Sports";"Bethesda Softworks";0,91
2278;"Avatar: The Game";"PS3";"2009";"Action";"Ubisoft";0,91
2279;"Harvest Moon 3D: A New Beginning";"3DS";"2012";"Action";"Marvelous Entertainment";0,91
2280;"Tom Clancy's EndWar";"X360";"2008";"Strategy";"Ubisoft";0,91
2283;"LEGO Indiana Jones 2: The Adventure Continues";"PS3";"2009";"Action";"Activision";0,91
2286;"MX vs. ATV Reflex";"PS3";"2009";"Racing";"THQ";0,91
2287;"Minecraft: Story Mode";"X360";"2015";"Adventure";"Mojang";0,91
2289;"Marvel: Ultimate Alliance 2";"X360";"2009";"Role-Playing";"Activision";0,91
2290;"Call of Duty: World at War";"DS";"2008";"Shooter";"Activision";0,91
2293;"DJ Hero";"PS3";"2009";"Misc";"Activision";0,91
2294;"Dragon Age: Inquisition";"XOne";"2014";"Role-Playing";"Electronic Arts";0,91
2295;"The Simpsons Game";"PS3";"2007";"Action";"Electronic Arts";0,91
2300;"SOCOM 4: U.S. Navy SEALs";"PS3";"2011";"Shooter";"Sony Computer Entertainment";0,9
2302;"Buzz! Quiz TV";"PS3";"2008";"Misc";"Sony Computer Entertainment";0,9
2303;"We Ski & Snowboard";"Wii";"2008";"Sports";"Atari";0,9
2305;"TouchMaster 2";"DS";"2008";"Puzzle";"Midway Games";0,9
2306;"Crysis 3";"PS3";"2013";"Shooter";"Electronic Arts";0,9
2310;"Resistance: Retribution";"PSP";"2009";"Shooter";"Sony Computer Entertainment";0,9
2311;"Tiger Woods PGA Tour 12: The Masters";"PS3";"2011";"Sports";"Electronic Arts";0,9
2312;"Star Wars: The Force Unleashed";"DS";"2008";"Action";"LucasArts";0,9
2314;"Spider-Man 3";"PS2";"2007";"Platform";"Activision";0,9
2316;"Samba De Amigo";"Wii";"2008";"Misc";"Sega";0,9
2317;"The Elder Scrolls Online";"PC";"2014";"Role-Playing";"Bethesda Softworks";0,9
2318;"Pure";"PS3";"2008";"Racing";"Disney Interactive Studios";0,9
2319;"FIFA Soccer 09 All-Play";"Wii";"2008";"Sports";"Electronic Arts";0,9
2320;"Fossil Fighters";"DS";"2008";"Role-Playing";"Nintendo";0,9
2321;"LittleBigPlanet Karting";"PS3";"2012";"Action";"Sony Computer Entertainment";0,9
2325;"The Biggest Loser: Ultimate Workout";"X360";"2010";"Sports";"THQ";0,9
2327;"Call of Juarez: Bound in Blood";"PS3";"2009";"Shooter";"Ubisoft";0,89
2329;"Madden NFL 08";"Wii";"2007";"Sports";"Electronic Arts";0,89
2331;"LEGO Jurassic World";"PS4";"2015";"Action";"Warner Bros. Interactive Entertainment";0,89
2333;"Sonic Chronicles: The Dark Brotherhood";"DS";"2008";"Role-Playing";"Sega";0,89
2336;"The Jak and Daxter Collection";"PS3";"2012";"Platform";"Sony Computer Entertainment";0,89
2340;"CSI: Hard Evidence";"Wii";"2008";"Adventure";"Ubisoft";0,89
2342;"F1 2009";"Wii";"2009";"Racing";"Codemasters";0,89
2344;"EA Sports UFC 2";"PS4";"2016";"Sports";"Electronic Arts";0,89
2345;"Dissidia 012: Duodecim Final Fantasy";"PSP";"2011";"Fighting";"Square Enix";0,89
2346;"LEGO Marvel Super Heroes";"3DS";"2013";"Action";"Warner Bros. Interactive Entertainment";0,89
2347;"F1 2010";"X360";"2010";"Racing";"Codemasters";0,89
2349;"Call of Duty: Modern Warfare 2";"PC";"2009";"Shooter";"Activision";0,89
2351;"Kingdoms of Amalur: Reckoning";"X360";"2012";"Role-Playing";"Electronic Arts";0,89
2352;"Call of Duty: Modern Warfare 3";"Wii";"2011";"Shooter";"Activision";0,89
2357;"WWE SmackDown vs. Raw 2011";"X360";"2010";"Fighting";"THQ";0,88
2358;"Sleeping Dogs";"X360";"2012";"Action";"Square Enix";0,88
2359;"Grand Theft Auto IV";"PC";"2008";"Action";"Take-Two Interactive";0,88
2360;"Peppa Pig: The Game";"DS";"2008";"Misc";"Pinnacle";0,88
2361;"Michael Jackson: The Experience";"X360";"2011";"Misc";"Ubisoft";0,88
2362;"Ghostbusters: The Video Game";"Wii";"2009";"Action";"Atari";0,88
2363;"Rock Band 3";"X360";"2010";"Misc";"MTV Games";0,88
2364;"Resident Evil: Revelations";"3DS";"2012";"Action";"Capcom";0,88
2366;"Buzz! The Mega Quiz";"PS2";"2007";"Misc";"Sony Computer Entertainment";0,88
2367;"Endless Ocean: Blue World";"Wii";"2009";"Simulation";"Nintendo";0,88
2369;"Just Cause 3";"XOne";"2015";"Action";"Square Enix";0,88
2371;"Cooking Mama: World Kitchen";"Wii";"2008";"Simulation";"505 Games";0,88
2372;"Tekken Tag Tournament 2";"PS3";"2012";"Fighting";"Namco Bandai Games";0,88
2374;"GRID";"X360";"2008";"Racing";"Codemasters";0,88
2375;"Phantasy Star Portable 2";"PSP";"2009";"Role-Playing";"Sega";0,88
2379;"NBA 2K14";"XOne";"2013";"Sports";"Take-Two Interactive";0,87
2380;"DiRT";"X360";"2007";"Racing";"Codemasters";0,87
2382;"Gold's Gym: Dance Workout";"Wii";"2010";"Sports";"Ubisoft";0,87
2383;"Red Faction: Guerrilla";"X360";"2009";"Shooter";"THQ";0,87
2385;"Mercenaries 2: World in Flames";"PS3";"2008";"Shooter";"Electronic Arts";0,87
2387;"Kingdom Hearts Re: Chain of Memories";"PS2";"2008";"Role-Playing";"Square Enix";0,87
2388;"Pictionary";"Wii";"2010";"Puzzle";"THQ";0,87
2389;"NCAA Football 13";"PS3";"2012";"Action";"Electronic Arts";0,87
2390;"Kingdoms of Amalur: Reckoning";"PS3";"2012";"Role-Playing";"Electronic Arts";0,87
2392;"Beijing 2008";"PS3";"2008";"Sports";"Sega";0,87
2393;"The House of the Dead: Overkill";"Wii";"2009";"Shooter";"Sega";0,87
2395;"Injustice: Gods Among Us";"PS4";"2013";"Fighting";"Warner Bros. Interactive Entertainment";0,87
2397;"Buzz! Master Quiz";"PSP";"2008";"Misc";"Sony Computer Entertainment";0,87
2398;"Brothers in Arms: Hell's Highway";"X360";"2008";"Shooter";"Ubisoft";0,87
2400;"Wizards of Waverly Place";"DS";"2009";"Misc";"Disney Interactive Studios";0,87
2401;"Scooby-Doo! First Frights";"DS";"2009";"Action";"Warner Bros. Interactive Entertainment";0,87
2406;"Warriors Orochi";"PS2";"2007";"Action";"Tecmo Koei";0,87
2407;"Guitar Hero: Warriors of Rock";"X360";"2010";"Misc";"Activision";0,87
2409;"Tales of Xillia 2";"PS3";"2012";"Role-Playing";"Namco Bandai Games";0,87
2410;"SingStar '90s";"PS2";"2007";"Misc";"Sony Computer Entertainment";0,87
2411;"Monster Strike 3DS";"3DS";"2015";"Action";"mixi, Inc";0,86
2412;"Tomb Raider: Anniversary";"Wii";"2007";"Action";"Eidos Interactive";0,86
2414;"Darksiders II";"PS3";"2012";"Action";"THQ";0,86
2415;"Ghostbusters: The Video Game";"PS3";"2009";"Action";"Sony Computer Entertainment";0,86
2416;"The World Ends With You";"DS";"2007";"Role-Playing";"Square Enix";0,86
2419;"Dragon Quest VIII: Journey of the Cursed King";"3DS";"2015";"Role-Playing";"Square Enix";0,86
2423;"Dragon Ball Z: Burst Limit";"PS3";"2008";"Fighting";"Atari";0,86
2425;"The Legendary Starfy";"DS";"2008";"Platform";"Nintendo";0,86
2426;"2010 FIFA World Cup South Africa";"X360";"2010";"Sports";"Electronic Arts";0,86
2428;"Ninja Gaiden Sigma 2";"PS3";"2009";"Action";"Ubisoft Annecy";0,86
2429;"Forza Horizon 2";"X360";"2014";"Racing";"Microsoft Game Studios";0,85
2430;"Skate 2";"PS3";"2009";"Sports";"Electronic Arts";0,85
2431;"FIFA Soccer 08";"DS";"2007";"Sports";"Electronic Arts";0,85
2433;"Need for Speed: Nitro";"Wii";"2009";"Racing";"Electronic Arts";0,85
2434;"Madden NFL 09 All-Play";"Wii";"2008";"Sports";"Electronic Arts";0,85
2435;"NBA 2K8";"X360";"2007";"Sports";"Take-Two Interactive";0,85
2436;"Far Cry: Primal";"XOne";"2016";"Action";"Ubisoft";0,85
2439;"Army of Two: The 40th Day";"PS3";"2010";"Shooter";"Electronic Arts";0,85
2440;"Blazing Angels: Squadrons of WWII";"Wii";"2007";"Simulation";"Ubisoft";0,85
2442;"Harry Potter and the Order of the Phoenix";"DS";"2007";"Action";"Electronic Arts";0,85
2445;"WWE 2K15";"PS3";"2014";"Sports";"Take-Two Interactive";0,85
2446;"Overwatch";"XOne";"2016";"Shooter";"Activision";0,85
2447;"Ratatouille";"PS2";"2007";"Action";"THQ";0,85
2450;"Kirby: Planet Robobot";"3DS";"2016";"Action";"Nintendo";0,85
2452;"Karaoke Revolution Glee";"Wii";"2010";"Misc";"Konami Digital Entertainment";0,85
2453;"Sniper Elite V2";"X360";"2012";"Shooter";"505 Games";0,85
2454;"Thief (2014)";"PS4";"2014";"Action";"Square Enix";0,84
2456;"Golden Sun: Dark Dawn";"DS";"2010";"Role-Playing";"Nintendo";0,84
2457;"Tiger Woods PGA Tour 11";"PS3";"2010";"Sports";"Electronic Arts";0,84
2458;"Devil May Cry HD Collection";"PS3";"2012";"Action";"Capcom";0,84
2459;"MLB 16: The Show";"PS4";"2016";"Action";"Sony Computer Entertainment";0,84
2460;"NBA 2K10";"PS3";"2009";"Sports";"Take-Two Interactive";0,84
2462;"Petz Dogz Fashion";"DS";"2008";"Simulation";"Ubisoft";0,84
2464;"NCAA Football 11";"PS3";"2010";"Sports";"Electronic Arts";0,84
2465;"Dragon Age II";"PS3";"2011";"Action";"Electronic Arts";0,84
2467;"Harvest Moon: Tree of Tranquility";"Wii";"2007";"Simulation";"Rising Star Games";0,84
2469;"Street Fighter X Tekken";"PS3";"2012";"Fighting";"Capcom";0,84
2471;"Duke Nukem Forever";"X360";"2011";"Shooter";"Take-Two Interactive";0,84
2473;"Borderlands: The Handsome Collection";"PS4";"2015";"Shooter";"Take-Two Interactive";0,84
2477;"FIFA 15";"PSV";"2014";"Sports";"Electronic Arts";0,84
2478;"Time Crisis 4";"PS3";"2007";"Shooter";"Namco Bandai Games";0,84
2479;"Ben 10: Protector of Earth";"PS2";"2007";"Action";"D3Publisher";0,84
2480;"Need for Speed Rivals";"X360";"2013";"Racing";"Electronic Arts";0,84
2482;"WWE SmackDown vs. Raw 2009";"Wii";"2008";"Fighting";"THQ";0,83
2485;"Battle of Giants: Dinosaurs";"DS";"2008";"Strategy";"Ubisoft";0,83
2488;"Borderlands 2";"PSV";"2014";"Shooter";"Take-Two Interactive";0,83
2491;"Dance Central 3";"X360";"2012";"Misc";"Microsoft Game Studios";0,83
2495;"NCAA Football 12";"PS3";"2011";"Sports";"Electronic Arts";0,83
2497;"The Price is Right";"Wii";"2008";"Misc";"Ubisoft";0,83
2498;"Sid Meier's Civilization Revolution";"X360";"2008";"Strategy";"Take-Two Interactive";0,83
2500;"I Spy: Fun House";"DS";"2007";"Puzzle";"Scholastic Inc.";0,83
2501;"The Amazing Spider-Man (Console Version)";"PS3";"2012";"Action";"Activision";0,83
2502;"Dragon Ball: Raging Blast 2";"PS3";"2010";"Fighting";"Namco Bandai Games";0,83
2505;"Deca Sports 2";"Wii";"2009";"Sports";"Hudson Soft";0,82
2507;"Madden NFL 17";"XOne";"2016";"Sports";"Electronic Arts";0,82
2511;"Star Wars The Clone Wars: Republic Heroes";"Wii";"2009";"Action";"LucasArts";0,82
2512;"DJ Hero 2";"X360";"2010";"Misc";"Activision";0,82
2513;"Street Fighter V";"PS4";"2016";"Fighting";"Capcom";0,82
2520;"DmC: Devil May Cry";"PS3";"2013";"Action";"Capcom";0,82
2521;"Tales of the Abyss";"3DS";"2011";"Role-Playing";"Namco Bandai Games";0,82
2523;"Guitar Hero: Warriors of Rock";"PS3";"2010";"Misc";"Activision";0,82
2524;"Hasbro Family Game Night 3";"Wii";"2010";"Misc";"Electronic Arts";0,82
2525;"Madden NFL 16";"PS3";"2015";"Sports";"Electronic Arts";0,82
2526;"Stranglehold";"X360";"2007";"Shooter";"Midway Games";0,82
2527;"Imagine: Rock Star";"DS";"2008";"Simulation";"Ubisoft";0,82
2528;"Shin Megami Tensei: Persona 4";"PS2";"2008";"Role-Playing";"Atlus";0,82
2529;"SingStar Vol. 2";"PS3";"2008";"Misc";"Sony Computer Entertainment";0,82
2531;"Madden NFL 25";"PS4";"2013";"Sports";"Electronic Arts";0,82
2532;"Twisted Metal (2012)";"PS3";"2012";"Action";"Sony Computer Entertainment";0,82
2537;"Patapon";"PSP";"2007";"Misc";"Sony Computer Entertainment";0,81
2541;"EA Sports Active NFL Training Camp";"Wii";"2010";"Sports";"Electronic Arts";0,81
2544;"Guitar Hero Live";"PS4";"2015";"Misc";"Activision";0,81
2546;"Final Fantasy Type-0";"PSP";"2011";"Role-Playing";"Unknown";0,81
2547;"Pro Evolution Soccer 2010";"X360";"2009";"Sports";"Konami Digital Entertainment";0,81
2551;"Lego Batman 3: Beyond Gotham";"PS3";"2014";"Action";"Warner Bros. Interactive Entertainment";0,81
2553;"DiRT 2";"X360";"2009";"Racing";"Codemasters";0,81
2554;"Professor Layton vs Phoenix Wright: Ace Attorney";"3DS";"2012";"Puzzle";"Level 5";0,81
2556;"Dying Light";"XOne";"2015";"Action";"Warner Bros. Interactive Entertainment";0,81
2557;"NCAA Football 10";"PS3";"2009";"Sports";"Electronic Arts";0,81
2558;"Ben 10: Alien Force";"Wii";"2008";"Action";"Koch Media";0,81
2560;"Final Fantasy XI: Wings of the Goddess";"PS2";"2007";"Role-Playing";"Square Enix";0,81
2562;"Guitar Hero: Metallica";"X360";"2009";"Misc";"Activision";0,81
2563;"NCAA Football 14";"PS3";"2013";"Sports";"Electronic Arts";0,8
2564;"MadWorld";"Wii";"2009";"Action";"Sega";0,8
2565;"Fight Night Champion";"X360";"2011";"Fighting";"Electronic Arts";0,8
2569;"ABBA: You Can Dance";"Wii";"2011";"Misc";"Ubisoft";0,8
2574;"Aliens: Colonial Marines";"X360";"2013";"Shooter";"Sega";0,8
2575;"Pro Evolution Soccer 2010";"PSP";"2009";"Sports";"Konami Digital Entertainment";0,8
2576;"[Prototype 2]";"X360";"2012";"Action";"Activision";0,8
2577;"Sonic & SEGA All-Stars Racing with Banjo-Kazooie";"X360";"2010";"Racing";"Sega";0,8
2578;"Goldeneye 007: Reloaded";"PS3";"2011";"Shooter";"Activision";0,8
2579;"NBA 2K16";"PS3";"2015";"Sports";"Take-Two Interactive";0,8
2580;"All Star Cheer Squad";"Wii";"2008";"Sports";"THQ";0,8
2581;"The Sims 2: Castaway";"PSP";"2007";"Simulation";"Electronic Arts";0,8
2583;"Dragon's Dogma";"X360";"2012";"Role-Playing";"Capcom";0,8
2584;"Darksiders II";"X360";"2012";"Action";"THQ";0,8
2585;"Resident Evil: Revelations";"PS3";"2013";"Action";"Capcom";0,8
2586;"Rayman Raving Rabbids 2";"DS";"2007";"Misc";"Ubisoft";0,8
2590;"Star Wars: The Force Unleashed II";"Wii";"2010";"Action";"LucasArts";0,8
2591;"Band Hero";"X360";"2009";"Misc";"Activision";0,8
2595;"Sniper: Ghost Warrior";"PS3";"2011";"Shooter";"City Interactive";0,8
2596;"The Godfather II";"X360";"2009";"Action";"Electronic Arts";0,79
2597;"pro evolution soccer 2011";"PSP";"2010";"Sports";"Konami Digital Entertainment";0,79
2600;"The Walking Dead: Season One";"PS3";"2012";"Adventure";"Avanquest Software";0,79
2601;"Rayman Origins";"X360";"2011";"Platform";"Ubisoft";0,79
2602;"Guitar Hero: Aerosmith";"PS2";"2008";"Misc";"Activision";0,79
2604;"Final Fantasy Tactics A2: Grimoire of the Rift";"DS";"2007";"Role-Playing";"Square Enix";0,79
2607;"Invizimals";"PSP";"2009";"Strategy";"Sony Computer Entertainment";0,79
2609;"Tiger Woods PGA Tour 10";"PS3";"2009";"Sports";"Electronic Arts";0,79
2610;"Star Wars The Clone Wars: Jedi Alliance";"DS";"2008";"Action";"LucasArts";0,79
2613;"Star Ocean: The Last Hope";"X360";"2009";"Role-Playing";"Square Enix";0,79
2614;"Dance Dance Revolution SuperNOVA 2";"PS2";"2007";"Simulation";"Konami Digital Entertainment";0,79
2616;"Dragon Quest Monsters 2";"3DS";"2014";"Role-Playing";"Square Enix";0,79
2617;"Ghost Squad";"Wii";"2007";"Shooter";"Sega";0,79
2618;"Dead Island: Riptide";"X360";"2013";"Action";"Deep Silver";0,79
2619;"Drawn to Life";"DS";"2007";"Action";"THQ";0,79
2621;"FIFA 12";"Wii";"2011";"Sports";"Electronic Arts";0,79
2622;"Too Human";"X360";"2008";"Role-Playing";"Microsoft Game Studios";0,79
2623;"Sid Meier's Civilization Revolution";"PS3";"2008";"Strategy";"Take-Two Interactive";0,79
2624;"NCAA Football 08";"PS2";"2007";"Sports";"Electronic Arts";0,79
2626;"Personal Trainer: Walking";"DS";"2008";"Sports";"Nintendo";0,79
2627;"Naruto Shippuden: Ultimate Ninja Storm 2";"X360";"2010";"Fighting";"Namco Bandai Games";0,79
2628;"PokePark 2: Wonders Beyond";"Wii";"2011";"Action";"Nintendo";0,79
2629;"Professor Layton and the Azran Legacy";"3DS";"2013";"Puzzle";"Nintendo";0,78
2632;"Lips";"X360";"2008";"Misc";"Microsoft Game Studios";0,78
2637;"Buzz! The Hollywood Quiz";"PS2";"2007";"Misc";"Sony Computer Entertainment";0,78
2638;"Puzzler World";"DS";"2009";"Puzzle";"Ubisoft";0,78
2639;"My Little Pony: Pinkie Pie's Party";"DS";"2008";"Adventure";"THQ";0,78
2640;"We Sing";"Wii";"2009";"Misc";"Nordic Games";0,78
2642;"God of War Saga";"PS3";"2012";"Action";"Sony Computer Entertainment";0,78
2644;"Tetris Party Deluxe";"DS";"2010";"Puzzle";"Nintendo";0,78
2645;"Pro Evolution Soccer 2016";"PS4";"2015";"Sports";"Konami Digital Entertainment";0,78
2647;"Star Wars Battlefront: Elite Squadron";"PSP";"2009";"Shooter";"LucasArts";0,78
2648;"UFC Personal Trainer: The Ultimate Fitness System";"X360";"2011";"Sports";"THQ";0,78
2649;"Resident Evil: Operation Raccoon City";"X360";"2012";"Action";"Capcom";0,78
2651;"Need for Speed: ProStreet";"PSP";"2008";"Racing";"Electronic Arts";0,78
2652;"Toy Story 3: The Video Game";"X360";"2010";"Action";"Disney Interactive Studios";0,78
2656;"Banjo-Kazooie: Nuts & Bolts";"X360";"2008";"Platform";"Microsoft Game Studios";0,78
2658;"Avatar: The Game";"X360";"2009";"Action";"Ubisoft";0,78
2659;"Harry Potter and the Half-Blood Prince";"Wii";"2009";"Action";"Electronic Arts";0,77
2660;"DJ Hero";"Wii";"2009";"Misc";"Activision";0,77
2665;"Madden NFL 25";"XOne";"2013";"Sports";"Electronic Arts";0,77
2667;"Need For Speed: Undercover";"PSP";"2008";"Racing";"Electronic Arts";0,77
2668;"Duke Nukem Forever";"PS3";"2011";"Shooter";"Take-Two Interactive";0,77
2669;"Freedom Wars";"PSV";"2014";"Role-Playing";"Sony Computer Entertainment";0,77
2673;"Dragon Ball: Raging Blast";"PS3";"2009";"Fighting";"Namco Bandai Games";0,77
2678;"My Baby Girl";"DS";"2008";"Simulation";"Nobilis";0,77
2679;"LEGO Batman 2: DC Super Heroes";"DS";"2012";"Action";"Warner Bros. Interactive Entertainment";0,77
2688;"Sonic Unleashed";"PS2";"2008";"Platform";"Sega";0,76
2690;"Plants vs. Zombies: Garden Warfare";"PS3";"2014";"Shooter";"Electronic Arts";0,76
2691;"Raving Rabbids: Travel in Time";"Wii";"2010";"Adventure";"Ubisoft";0,76
2692;"The Sims 3";"3DS";"2011";"Simulation";"Electronic Arts";0,76
2697;"Mortal Kombat";"PSV";"2012";"Fighting";"Warner Bros. Interactive Entertainment";0,76
2699;"Lost Planet 2";"X360";"2010";"Shooter";"Capcom";0,76
2700;"SoulCalibur V";"PS3";"2012";"Fighting";"Namco Bandai Games";0,76
2701;"Portal 2";"PC";"2011";"Shooter";"Valve Software";0,76
2703;"Pro Evolution Soccer 2015";"PS4";"2014";"Sports";"Konami Digital Entertainment";0,76
2704;"Drawn to Life: The Next Chapter";"Wii";"2009";"Puzzle";"THQ";0,76
2705;"The Lord of the Rings: Conquest";"PS3";"2009";"Action";"Electronic Arts";0,76
2711;"FIFA Soccer 11";"PS2";"2010";"Sports";"Electronic Arts";0,76
2712;"Deer Drive";"Wii";"2009";"Sports";"Big Ben Interactive";0,76
2713;"Kane & Lynch: Dead Men";"X360";"2007";"Shooter";"Eidos Interactive";0,76
2714;"Assassin's Creed: Revelations";"PC";"2011";"Action";"Ubisoft";0,76
2716;"Ace Attorney Investigations: Miles Edgeworth";"DS";"2009";"Adventure";"Capcom";0,76
2718;"FIFA 15";"Wii";"2014";"Sports";"Electronic Arts";0,76
2720;"Need for Speed: Shift";"PSP";"2009";"Racing";"Electronic Arts";0,76
2721;"Kane & Lynch: Dead Men";"PS3";"2007";"Shooter";"Eidos Interactive";0,76
2722;"Dark Souls II";"X360";"2014";"Role-Playing";"Namco Bandai Games";0,76
2726;"Monopoly Streets";"Wii";"2010";"Misc";"Electronic Arts";0,76
2728;"Harvest Moon: Animal Parade";"Wii";"2008";"Simulation";"Rising Star Games";0,76
2730;"Total War: Rome II";"PC";"2013";"Strategy";"Sega";0,76
